parameter,level,count,median,mean,min,max
extra_simplex_iterations_after_uncrush,32,1,0.4016398907108913,0.4016398907108913,0.4016398907108913,0.4016398907108913
extra_simplex_iterations_after_uncrush,69,1,0.45126214500731127,0.45126214500731127,0.45126214500731127,0.45126214500731127
rhs_coefficient_range_presolved,"[ 4.89465e-08, 22.277 ]",1,0.45126214500731127,0.45126214500731127,0.45126214500731127,0.45126214500731127
extra_simplex_iterations_after_uncrush,1816,1,0.4663401145723885,0.4663401145723885,0.4663401145723885,0.4663401145723885
extra_simplex_iterations_dual_to_original,50,1,0.4663401145723885,0.4663401145723885,0.4663401145723885,0.4663401145723885
cutting_planes_strongcg,2.0,2,0.4762120813548726,0.4762120813548726,0.4016398907108913,0.5507842719988539
cutting_planes_cover,32.0,1,0.47855247522674044,0.47855247522674044,0.47855247522674044,0.47855247522674044
extra_simplex_iterations_after_uncrush,37,1,0.47855247522674044,0.47855247522674044,0.47855247522674044,0.47855247522674044
extra_simplex_iterations_dual_to_original,31,1,0.47855247522674044,0.47855247522674044,0.47855247522674044,0.47855247522674044
linear_constraint_matrix_constrs_presolved,31522,2,0.4811258176346207,0.4811258176346207,0.4016398907108913,0.5606117445583502
linear_constraint_matrix_nzs,553225,2,0.4811258176346207,0.4811258176346207,0.4016398907108913,0.5606117445583502
optimizer_presolved_rows,31522,2,0.4811258176346207,0.4811258176346207,0.4016398907108913,0.5606117445583502
variable_types_continuous,8143,2,0.4811258176346207,0.4811258176346207,0.4016398907108913,0.5606117445583502
extra_simplex_iterations_after_uncrush,45,1,0.4843668486537817,0.4843668486537817,0.4843668486537817,0.4843668486537817
extra_simplex_iterations_dual_to_original,49,1,0.4843668486537817,0.4843668486537817,0.4843668486537817,0.4843668486537817
linear_constraint_matrix_constrs_presolved,54650,1,0.4843668486537817,0.4843668486537817,0.4843668486537817,0.4843668486537817
linear_constraint_matrix_nzs,724903,1,0.4843668486537817,0.4843668486537817,0.4843668486537817,0.4843668486537817
linear_constraint_matrix_vars,8774,1,0.4843668486537817,0.4843668486537817,0.4843668486537817,0.4843668486537817
linear_constraint_matrix_vars_presolved,1928,1,0.4843668486537817,0.4843668486537817,0.4843668486537817,0.4843668486537817
optimizer_presolve_removed_columns,6846,1,0.4843668486537817,0.4843668486537817,0.4843668486537817,0.4843668486537817
optimizer_presolve_removed_rows,74083,1,0.4843668486537817,0.4843668486537817,0.4843668486537817,0.4843668486537817
optimizer_presolved_columns,1928,1,0.4843668486537817,0.4843668486537817,0.4843668486537817,0.4843668486537817
optimizer_presolved_rows,54650,1,0.4843668486537817,0.4843668486537817,0.4843668486537817,0.4843668486537817
optimizer_presolved_variable_types_continuous,1337,1,0.4843668486537817,0.4843668486537817,0.4843668486537817,0.4843668486537817
variable_types_binary,635,1,0.4843668486537817,0.4843668486537817,0.4843668486537817,0.4843668486537817
variable_types_continuous_presolved,1337,1,0.4843668486537817,0.4843668486537817,0.4843668486537817,0.4843668486537817
variable_types_integer,635,1,0.4843668486537817,0.4843668486537817,0.4843668486537817,0.4843668486537817
extra_simplex_iterations_after_uncrush,55,1,0.4950158632328357,0.4950158632328357,0.4950158632328357,0.4950158632328357
optimizer_presolve_removed_rows,45068,4,0.5146683736127972,0.497897095623709,0.4016398907108913,0.5606117445583502
linear_constraint_matrix_constrs_presolved,31542,2,0.5146683736127972,0.5146683736127972,0.47855247522674044,0.5507842719988539
linear_constraint_matrix_nzs,553645,2,0.5146683736127972,0.5146683736127972,0.47855247522674044,0.5507842719988539
linear_constraint_matrix_vars,8718,2,0.5146683736127972,0.5146683736127972,0.47855247522674044,0.5507842719988539
linear_constraint_matrix_vars_presolved,1731,2,0.5146683736127972,0.5146683736127972,0.47855247522674044,0.5507842719988539
optimizer_presolved_columns,1731,2,0.5146683736127972,0.5146683736127972,0.47855247522674044,0.5507842719988539
optimizer_presolved_rows,31542,2,0.5146683736127972,0.5146683736127972,0.47855247522674044,0.5507842719988539
optimizer_presolved_variable_types_continuous,1258,2,0.5146683736127972,0.5146683736127972,0.47855247522674044,0.5507842719988539
variable_types_binary,495,2,0.5146683736127972,0.5146683736127972,0.47855247522674044,0.5507842719988539
variable_types_continuous,8223,2,0.5146683736127972,0.5146683736127972,0.47855247522674044,0.5507842719988539
variable_types_continuous_presolved,1258,2,0.5146683736127972,0.5146683736127972,0.47855247522674044,0.5507842719988539
variable_types_integer,495,2,0.5146683736127972,0.5146683736127972,0.47855247522674044,0.5507842719988539
rhs_coefficient_range_presolved,"[ 4.89465e-08, 22.2667 ]",4,0.5257625552187476,0.6726402251482496,0.4663401145723885,1.1726956755831148
linear_constraint_matrix_constrs,128713,2,0.5313988081258403,0.5313988081258403,0.45126214500731127,0.6115354712443694
linear_constraint_matrix_constrs_presolved,54609,2,0.5313988081258403,0.5313988081258403,0.45126214500731127,0.6115354712443694
linear_constraint_matrix_nzs,724767,2,0.5313988081258403,0.5313988081258403,0.45126214500731127,0.6115354712443694
linear_constraint_matrix_vars,8712,2,0.5313988081258403,0.5313988081258403,0.45126214500731127,0.6115354712443694
linear_constraint_matrix_vars_presolved,1888,2,0.5313988081258403,0.5313988081258403,0.45126214500731127,0.6115354712443694
optimizer_presolve_removed_columns,6824,2,0.5313988081258403,0.5313988081258403,0.45126214500731127,0.6115354712443694
optimizer_presolve_removed_rows,74104,2,0.5313988081258403,0.5313988081258403,0.45126214500731127,0.6115354712443694
optimizer_presolved_columns,1888,2,0.5313988081258403,0.5313988081258403,0.45126214500731127,0.6115354712443694
optimizer_presolved_rows,54609,2,0.5313988081258403,0.5313988081258403,0.45126214500731127,0.6115354712443694
optimizer_presolved_variable_types_binary,571,2,0.5313988081258403,0.5313988081258403,0.45126214500731127,0.6115354712443694
optimizer_presolved_variable_types_integer,571,2,0.5313988081258403,0.5313988081258403,0.45126214500731127,0.6115354712443694
variable_types_binary,600,2,0.5313988081258403,0.5313988081258403,0.45126214500731127,0.6115354712443694
variable_types_binary_presolved,571,2,0.5313988081258403,0.5313988081258403,0.45126214500731127,0.6115354712443694
variable_types_integer,600,2,0.5313988081258403,0.5313988081258403,0.45126214500731127,0.6115354712443694
variable_types_integer_presolved,571,2,0.5313988081258403,0.5313988081258403,0.45126214500731127,0.6115354712443694
extra_simplex_iterations_dual_to_original,19,1,0.5409050844325098,0.5409050844325098,0.5409050844325098,0.5409050844325098
linear_constraint_matrix_constrs_presolved,31572,2,0.541981586142956,0.541981586142956,0.5409050844325098,0.5430580878534023
linear_constraint_matrix_nzs,553375,2,0.541981586142956,0.541981586142956,0.5409050844325098,0.5430580878534023
linear_constraint_matrix_vars_presolved,1691,2,0.541981586142956,0.541981586142956,0.5409050844325098,0.5430580878534023
optimizer_presolved_columns,1691,2,0.541981586142956,0.541981586142956,0.5409050844325098,0.5430580878534023
optimizer_presolved_rows,31572,2,0.541981586142956,0.541981586142956,0.5409050844325098,0.5430580878534023
optimizer_presolved_variable_types_continuous,1218,2,0.541981586142956,0.541981586142956,0.5409050844325098,0.5430580878534023
variable_types_binary,505,2,0.541981586142956,0.541981586142956,0.5409050844325098,0.5430580878534023
variable_types_continuous,8173,2,0.541981586142956,0.541981586142956,0.5409050844325098,0.5430580878534023
variable_types_continuous_presolved,1218,2,0.541981586142956,0.541981586142956,0.5409050844325098,0.5430580878534023
variable_types_integer,505,2,0.541981586142956,0.541981586142956,0.5409050844325098,0.5430580878534023
linear_constraint_matrix_vars,8678,3,0.5430580878534023,0.8250060309225239,0.5409050844325098,1.3910549204816598
variable_bound_range_presolved,"[ 0.000110327, 35.346 ]",8,0.5461698599495108,0.5295569387372986,0.4016398907108913,0.6116223230720215
optimizer_presolve_removed_rows,45038,4,0.5461698599495108,0.5612167818508882,0.5409050844325098,0.6116223230720215
linear_constraint_matrix_constrs,76610,6,0.5469211799261281,0.7289498601423166,0.47855247522674044,1.3910549204816598
optimizer_presolved_variable_types_binary,473,6,0.5469211799261281,0.7289498601423166,0.47855247522674044,1.3910549204816598
optimizer_presolved_variable_types_integer,473,6,0.5469211799261281,0.7289498601423166,0.47855247522674044,1.3910549204816598
variable_types_binary_presolved,473,6,0.5469211799261281,0.7289498601423166,0.47855247522674044,1.3910549204816598
variable_types_integer_presolved,473,6,0.5469211799261281,0.7289498601423166,0.47855247522674044,1.3910549204816598
cutting_planes_cover,45.0,1,0.5492816320456194,0.5492816320456194,0.5492816320456194,0.5492816320456194
extra_simplex_iterations_after_uncrush,172,1,0.5492816320456194,0.5492816320456194,0.5492816320456194,0.5492816320456194
extra_simplex_iterations_after_uncrush,15,1,0.5507842719988539,0.5507842719988539,0.5507842719988539,0.5507842719988539
linear_constraint_matrix_constrs_presolved,54715,2,0.5543425122748288,0.5543425122748288,0.4950158632328357,0.6136691613168218
linear_constraint_matrix_nzs,725067,2,0.5543425122748288,0.5543425122748288,0.4950158632328357,0.6136691613168218
linear_constraint_matrix_vars_presolved,1978,2,0.5543425122748288,0.5543425122748288,0.4950158632328357,0.6136691613168218
optimizer_presolve_removed_columns,6884,2,0.5543425122748288,0.5543425122748288,0.4950158632328357,0.6136691613168218
optimizer_presolved_columns,1978,2,0.5543425122748288,0.5543425122748288,0.4950158632328357,0.6136691613168218
optimizer_presolved_rows,54715,2,0.5543425122748288,0.5543425122748288,0.4950158632328357,0.6136691613168218
rhs_coefficient_range_presolved,"[ 4.89465e-08, 22.2654 ]",2,0.5543425122748288,0.5543425122748288,0.4950158632328357,0.6136691613168218
variable_types_binary,690,2,0.5543425122748288,0.5543425122748288,0.4950158632328357,0.6136691613168218
variable_types_integer,690,2,0.5543425122748288,0.5543425122748288,0.4950158632328357,0.6136691613168218
cutting_planes_cover,40.0,1,0.5606117445583502,0.5606117445583502,0.5606117445583502,0.5606117445583502
extra_simplex_iterations_dual_to_original,29,1,0.5606117445583502,0.5606117445583502,0.5606117445583502,0.5606117445583502
linear_constraint_matrix_vars_presolved,1631,3,0.5606117445583502,0.6105319853766583,0.4016398907108913,0.8693443208607335
optimizer_presolved_columns,1631,3,0.5606117445583502,0.6105319853766583,0.4016398907108913,0.8693443208607335
linear_constraint_matrix_constrs,76590,3,0.5606117445583502,0.654509446000957,0.4016398907108913,1.0012767027336296
linear_constraint_matrix_vars,8618,3,0.5606117445583502,0.654509446000957,0.4016398907108913,1.0012767027336296
optimizer_presolved_variable_types_binary,453,3,0.5606117445583502,0.654509446000957,0.4016398907108913,1.0012767027336296
optimizer_presolved_variable_types_integer,453,3,0.5606117445583502,0.654509446000957,0.4016398907108913,1.0012767027336296
variable_types_binary_presolved,453,3,0.5606117445583502,0.654509446000957,0.4016398907108913,1.0012767027336296
variable_types_integer_presolved,453,3,0.5606117445583502,0.654509446000957,0.4016398907108913,1.0012767027336296
optimizer_presolve_removed_columns,6987,13,0.5606117445583502,0.9057465726415341,0.4016398907108913,2.3429336250343424
cutting_planes_clique,2.0,10,0.5625643229620505,0.9073538056251553,0.4016398907108913,4.104690328742858
linear_constraint_matrix_constrs_presolved,54647,2,0.563282180060216,0.563282180060216,0.4663401145723885,0.6602242455480435
optimizer_presolved_rows,54647,2,0.563282180060216,0.563282180060216,0.4663401145723885,0.6602242455480435
extra_simplex_iterations_after_uncrush,63,1,0.5671582617837135,0.5671582617837135,0.5671582617837135,0.5671582617837135
linear_constraint_matrix_constrs_presolved,31602,2,0.5804519775588204,0.5804519775588204,0.5492816320456194,0.6116223230720215
linear_constraint_matrix_nzs,554005,2,0.5804519775588204,0.5804519775588204,0.5492816320456194,0.6116223230720215
linear_constraint_matrix_vars,8828,2,0.5804519775588204,0.5804519775588204,0.5492816320456194,0.6116223230720215
linear_constraint_matrix_vars_presolved,1841,2,0.5804519775588204,0.5804519775588204,0.5492816320456194,0.6116223230720215
optimizer_presolved_columns,1841,2,0.5804519775588204,0.5804519775588204,0.5492816320456194,0.6116223230720215
optimizer_presolved_rows,31602,2,0.5804519775588204,0.5804519775588204,0.5492816320456194,0.6116223230720215
optimizer_presolved_variable_types_continuous,1338,2,0.5804519775588204,0.5804519775588204,0.5492816320456194,0.6116223230720215
variable_types_binary,535,2,0.5804519775588204,0.5804519775588204,0.5492816320456194,0.6116223230720215
variable_types_continuous,8293,2,0.5804519775588204,0.5804519775588204,0.5492816320456194,0.6116223230720215
variable_types_continuous_presolved,1338,2,0.5804519775588204,0.5804519775588204,0.5492816320456194,0.6116223230720215
variable_types_integer,535,2,0.5804519775588204,0.5804519775588204,0.5492816320456194,0.6116223230720215
extra_simplex_iterations_after_uncrush,17021,1,0.5842235614915912,0.5842235614915912,0.5842235614915912,0.5842235614915912
extra_simplex_iterations_dual_to_original,79,1,0.5842235614915912,0.5842235614915912,0.5842235614915912,0.5842235614915912
linear_constraint_matrix_constrs_presolved,52013,1,0.5842235614915912,0.5842235614915912,0.5842235614915912,0.5842235614915912
linear_constraint_matrix_vars_presolved,1922,1,0.5842235614915912,0.5842235614915912,0.5842235614915912,0.5842235614915912
optimizer_presolve_removed_rows,73174,1,0.5842235614915912,0.5842235614915912,0.5842235614915912,0.5842235614915912
optimizer_presolved_columns,1922,1,0.5842235614915912,0.5842235614915912,0.5842235614915912,0.5842235614915912
optimizer_presolved_rows,52013,1,0.5842235614915912,0.5842235614915912,0.5842235614915912,0.5842235614915912
variable_types_binary,603,1,0.5842235614915912,0.5842235614915912,0.5842235614915912,0.5842235614915912
variable_types_integer,603,1,0.5842235614915912,0.5842235614915912,0.5842235614915912,0.5842235614915912
extra_simplex_iterations_after_uncrush,17,1,0.6088455175591283,0.6088455175591283,0.6088455175591283,0.6088455175591283
cutting_planes_cover,38.0,3,0.6088455175591283,0.716967936810827,0.4016398907108913,1.1404184021624617
extra_simplex_iterations_after_uncrush,53,1,0.6115354712443694,0.6115354712443694,0.6115354712443694,0.6115354712443694
extra_simplex_iterations_dual_to_original,30,1,0.6116223230720215,0.6116223230720215,0.6116223230720215,0.6116223230720215
linear_constraint_matrix_constrs,76640,3,0.6116223230720215,0.7671074524267008,0.5492816320456194,1.1404184021624617
optimizer_presolved_variable_types_binary,503,3,0.6116223230720215,0.7671074524267008,0.5492816320456194,1.1404184021624617
optimizer_presolved_variable_types_integer,503,3,0.6116223230720215,0.7671074524267008,0.5492816320456194,1.1404184021624617
variable_types_binary_presolved,503,3,0.6116223230720215,0.7671074524267008,0.5492816320456194,1.1404184021624617
variable_types_integer_presolved,503,3,0.6116223230720215,0.7671074524267008,0.5492816320456194,1.1404184021624617
extra_simplex_iterations_after_uncrush,31,3,0.6116223230720215,0.8917524791018255,0.5409050844325098,1.5227300298009452
cutting_planes_cover,39.0,1,0.6136691613168218,0.6136691613168218,0.6136691613168218,0.6136691613168218
optimizer_presolved_variable_types_continuous,1357,3,0.6136691613168218,0.6864899846555391,0.4950158632328357,0.9507849294169595
variable_types_continuous_presolved,1357,3,0.6136691613168218,0.6864899846555391,0.4950158632328357,0.9507849294169595
optimizer_presolve_removed_rows,74048,3,0.6136691613168218,0.7398991729555485,0.4950158632328357,1.1110124943169881
extra_simplex_iterations_after_uncrush,36,1,0.6170821339560923,0.6170821339560923,0.6170821339560923,0.6170821339560923
cutting_planes_cover,30.0,4,0.6189793355801031,0.6627330642307021,0.5430580878534023,0.8699154979092004
linear_constraint_matrix_constrs_presolved,54625,2,0.6193169584705367,0.6193169584705367,0.5671582617837135,0.6714756551573599
linear_constraint_matrix_nzs,724817,2,0.6193169584705367,0.6193169584705367,0.5671582617837135,0.6714756551573599
linear_constraint_matrix_vars_presolved,1898,2,0.6193169584705367,0.6193169584705367,0.5671582617837135,0.6714756551573599
optimizer_presolve_removed_columns,6844,2,0.6193169584705367,0.6193169584705367,0.5671582617837135,0.6714756551573599
optimizer_presolve_removed_rows,74098,2,0.6193169584705367,0.6193169584705367,0.5671582617837135,0.6714756551573599
optimizer_presolved_columns,1898,2,0.6193169584705367,0.6193169584705367,0.5671582617837135,0.6714756551573599
optimizer_presolved_rows,54625,2,0.6193169584705367,0.6193169584705367,0.5671582617837135,0.6714756551573599
cutting_planes_cover,31.0,2,0.620259404447554,0.620259404447554,0.4950158632328357,0.7455029456622723
linear_constraint_matrix_constrs_presolved,54676,1,0.6252550700873188,0.6252550700873188,0.6252550700873188,0.6252550700873188
linear_constraint_matrix_nzs,724957,1,0.6252550700873188,0.6252550700873188,0.6252550700873188,0.6252550700873188
linear_constraint_matrix_vars_presolved,1950,1,0.6252550700873188,0.6252550700873188,0.6252550700873188,0.6252550700873188
optimizer_presolve_removed_columns,6852,1,0.6252550700873188,0.6252550700873188,0.6252550700873188,0.6252550700873188
optimizer_presolve_removed_rows,74067,1,0.6252550700873188,0.6252550700873188,0.6252550700873188,0.6252550700873188
optimizer_presolved_columns,1950,1,0.6252550700873188,0.6252550700873188,0.6252550700873188,0.6252550700873188
optimizer_presolved_rows,54676,1,0.6252550700873188,0.6252550700873188,0.6252550700873188,0.6252550700873188
optimizer_presolved_variable_types_binary,601,1,0.6252550700873188,0.6252550700873188,0.6252550700873188,0.6252550700873188
optimizer_presolved_variable_types_continuous,1349,1,0.6252550700873188,0.6252550700873188,0.6252550700873188,0.6252550700873188
optimizer_presolved_variable_types_integer,601,1,0.6252550700873188,0.6252550700873188,0.6252550700873188,0.6252550700873188
rhs_coefficient_range_presolved,"[ 4.89465e-08, 22.2728 ]",1,0.6252550700873188,0.6252550700873188,0.6252550700873188,0.6252550700873188
variable_types_binary,652,1,0.6252550700873188,0.6252550700873188,0.6252550700873188,0.6252550700873188
variable_types_binary_presolved,601,1,0.6252550700873188,0.6252550700873188,0.6252550700873188,0.6252550700873188
variable_types_continuous_presolved,1349,1,0.6252550700873188,0.6252550700873188,0.6252550700873188,0.6252550700873188
variable_types_integer,652,1,0.6252550700873188,0.6252550700873188,0.6252550700873188,0.6252550700873188
variable_types_integer_presolved,601,1,0.6252550700873188,0.6252550700873188,0.6252550700873188,0.6252550700873188
cutting_planes_clique,4.0,3,0.6252550700873188,0.7722663029585529,0.6136691613168218,1.0778746774715178
cutting_planes_cover,16.0,3,0.6252550700873188,0.8167637715514345,0.5671582617837135,1.2578779827832711
cutting_planes_clique,11.0,1,0.6263363480881847,0.6263363480881847,0.6263363480881847,0.6263363480881847
cutting_planes_projected_implied_bound,4.0,1,0.6263363480881847,0.6263363480881847,0.6263363480881847,0.6263363480881847
extra_simplex_iterations_after_uncrush,9,1,0.6263363480881847,0.6263363480881847,0.6263363480881847,0.6263363480881847
cutting_planes_cover,6.0,4,0.6288864101280304,0.6996287447753474,0.45126214500731127,1.0894800138380174
optimizer_presolved_variable_types_continuous,1317,8,0.6358798583962064,0.6466873548719323,0.45126214500731127,1.0
variable_types_continuous_presolved,1317,8,0.6358798583962064,0.6466873548719323,0.45126214500731127,1.0
extra_simplex_iterations_after_uncrush,94,1,0.6475435678621138,0.6475435678621138,0.6475435678621138,0.6475435678621138
linear_constraint_matrix_constrs_presolved,52084,1,0.6475435678621138,0.6475435678621138,0.6475435678621138,0.6475435678621138
linear_constraint_matrix_nzs,711450,1,0.6475435678621138,0.6475435678621138,0.6475435678621138,0.6475435678621138
linear_constraint_matrix_vars,8895,1,0.6475435678621138,0.6475435678621138,0.6475435678621138,0.6475435678621138
linear_constraint_matrix_vars_presolved,2082,1,0.6475435678621138,0.6475435678621138,0.6475435678621138,0.6475435678621138
optimizer_presolve_removed_rows,73143,1,0.6475435678621138,0.6475435678621138,0.6475435678621138,0.6475435678621138
optimizer_presolved_columns,2082,1,0.6475435678621138,0.6475435678621138,0.6475435678621138,0.6475435678621138
optimizer_presolved_rows,52084,1,0.6475435678621138,0.6475435678621138,0.6475435678621138,0.6475435678621138
optimizer_presolved_variable_types_continuous,1468,1,0.6475435678621138,0.6475435678621138,0.6475435678621138,0.6475435678621138
variable_types_binary,653,1,0.6475435678621138,0.6475435678621138,0.6475435678621138,0.6475435678621138
variable_types_continuous_presolved,1468,1,0.6475435678621138,0.6475435678621138,0.6475435678621138,0.6475435678621138
variable_types_integer,653,1,0.6475435678621138,0.6475435678621138,0.6475435678621138,0.6475435678621138
extra_simplex_iterations_dual_to_original,46,2,0.6521901965084884,0.6521901965084884,0.4950158632328357,0.8093645297841411
linear_constraint_matrix_vars,8772,3,0.6602242455480435,0.6240224352609014,0.4663401145723885,0.7455029456622723
linear_constraint_matrix_vars_presolved,1908,3,0.6602242455480435,0.6240224352609014,0.4663401145723885,0.7455029456622723
optimizer_presolve_removed_columns,6864,3,0.6602242455480435,0.6240224352609014,0.4663401145723885,0.7455029456622723
optimizer_presolved_columns,1908,3,0.6602242455480435,0.6240224352609014,0.4663401145723885,0.7455029456622723
cutting_planes_cover,35.0,3,0.6602242455480435,0.6274947242347525,0.5507842719988539,0.6714756551573599
linear_constraint_matrix_constrs,128733,5,0.6602242455480435,0.6331597368441254,0.4663401145723885,0.8093645297841411
optimizer_presolved_variable_types_binary,591,5,0.6602242455480435,0.6331597368441254,0.4663401145723885,0.8093645297841411
optimizer_presolved_variable_types_integer,591,5,0.6602242455480435,0.6331597368441254,0.4663401145723885,0.8093645297841411
variable_types_binary_presolved,591,5,0.6602242455480435,0.6331597368441254,0.4663401145723885,0.8093645297841411
variable_types_integer_presolved,591,5,0.6602242455480435,0.6331597368441254,0.4663401145723885,0.8093645297841411
rhs_coefficient_range_presolved,"[ 4.89465e-08, 22.2747 ]",3,0.6602242455480435,0.6477451239832576,0.6115354712443694,0.6714756551573599
optimizer_presolve_removed_rows,74086,3,0.6602242455480435,0.6924497631791304,0.4663401145723885,0.9507849294169595
cutting_planes_cover,1.0,1,0.663750086381015,0.663750086381015,0.663750086381015,0.663750086381015
extra_simplex_iterations_after_uncrush,22,1,0.663750086381015,0.663750086381015,0.663750086381015,0.663750086381015
linear_constraint_matrix_constrs_presolved,52022,1,0.663750086381015,0.663750086381015,0.663750086381015,0.663750086381015
linear_constraint_matrix_nzs,711090,1,0.663750086381015,0.663750086381015,0.663750086381015,0.663750086381015
linear_constraint_matrix_vars,8785,1,0.663750086381015,0.663750086381015,0.663750086381015,0.663750086381015
linear_constraint_matrix_vars_presolved,1972,1,0.663750086381015,0.663750086381015,0.663750086381015,0.663750086381015
optimizer_presolve_removed_rows,73175,1,0.663750086381015,0.663750086381015,0.663750086381015,0.663750086381015
optimizer_presolved_columns,1972,1,0.663750086381015,0.663750086381015,0.663750086381015,0.663750086381015
optimizer_presolved_rows,52022,1,0.663750086381015,0.663750086381015,0.663750086381015,0.663750086381015
optimizer_presolved_variable_types_continuous,1388,1,0.663750086381015,0.663750086381015,0.663750086381015,0.663750086381015
variable_types_continuous_presolved,1388,1,0.663750086381015,0.663750086381015,0.663750086381015,0.663750086381015
cutting_planes_learned,2.0,2,0.6662418698470404,0.6662418698470404,0.6116223230720215,0.7208614166220593
optimizer_presolve_removed_columns,6813,6,0.6686496725727422,0.7191690477952948,0.5842235614915912,1.0
cutting_planes_clique,14.0,1,0.6714756551573599,0.6714756551573599,0.6714756551573599,0.6714756551573599
extra_simplex_iterations_after_uncrush,54,1,0.6714756551573599,0.6714756551573599,0.6714756551573599,0.6714756551573599
variable_types_binary,620,3,0.6714756551573599,0.6826661489084048,0.5671582617837135,0.8093645297841411
variable_types_integer,620,3,0.6714756551573599,0.6826661489084048,0.5671582617837135,0.8093645297841411
extra_simplex_iterations_after_uncrush,35,1,0.6727288053224821,0.6727288053224821,0.6727288053224821,0.6727288053224821
linear_constraint_matrix_constrs_presolved,52070,1,0.6727288053224821,0.6727288053224821,0.6727288053224821,0.6727288053224821
linear_constraint_matrix_nzs,711030,1,0.6727288053224821,0.6727288053224821,0.6727288053224821,0.6727288053224821
linear_constraint_matrix_vars_presolved,1986,1,0.6727288053224821,0.6727288053224821,0.6727288053224821,0.6727288053224821
optimizer_presolve_removed_rows,73137,1,0.6727288053224821,0.6727288053224821,0.6727288053224821,0.6727288053224821
optimizer_presolved_columns,1986,1,0.6727288053224821,0.6727288053224821,0.6727288053224821,0.6727288053224821
optimizer_presolved_rows,52070,1,0.6727288053224821,0.6727288053224821,0.6727288053224821,0.6727288053224821
optimizer_presolved_variable_types_binary,596,1,0.6727288053224821,0.6727288053224821,0.6727288053224821,0.6727288053224821
optimizer_presolved_variable_types_continuous,1390,1,0.6727288053224821,0.6727288053224821,0.6727288053224821,0.6727288053224821
optimizer_presolved_variable_types_integer,596,1,0.6727288053224821,0.6727288053224821,0.6727288053224821,0.6727288053224821
variable_types_binary_presolved,596,1,0.6727288053224821,0.6727288053224821,0.6727288053224821,0.6727288053224821
variable_types_continuous_presolved,1390,1,0.6727288053224821,0.6727288053224821,0.6727288053224821,0.6727288053224821
variable_types_integer_presolved,596,1,0.6727288053224821,0.6727288053224821,0.6727288053224821,0.6727288053224821
optimizer_presolve_removed_columns,6809,3,0.6727288053224821,0.7015044795363204,0.6170821339560923,0.8147024993303869
rhs_coefficient_range_presolved,"[ 4.89465e-08, 20.5211 ]",9,0.6727288053224821,0.7132808583756367,0.5842235614915912,1.0
top_k,20,21,0.6727288053224821,0.7865000296282579,0.4016398907108913,1.293952592301525
cutting_planes_gomory,1.0,12,0.673058243354689,1.175410871440649,0.5430580878534023,4.104690328742858
extra_simplex_iterations_after_uncrush,44,3,0.6735492587644696,0.8966197497778161,0.6252550700873188,1.3910549204816598
cutting_planes_cover,2.0,2,0.6967456900673465,0.6967456900673465,0.6475435678621138,0.7459478122725794
variable_types_continuous,8242,2,0.7016468931086772,0.7016468931086772,0.6475435678621138,0.7557502183552407
linear_constraint_matrix_nzs,724867,4,0.7028635956051579,0.7057130587999159,0.4663401145723885,0.9507849294169595
variable_types_binary,640,4,0.7028635956051579,0.7457699500249231,0.4663401145723885,1.1110124943169881
variable_types_integer,640,4,0.7028635956051579,0.7457699500249231,0.4663401145723885,1.1110124943169881
extra_simplex_iterations_after_uncrush,49,2,0.707987231951642,0.707987231951642,0.6602242455480435,0.7557502183552407
linear_constraint_matrix_constrs_presolved,52143,2,0.7097485355185245,0.7097485355185245,0.6735492587644696,0.7459478122725794
linear_constraint_matrix_nzs,711810,2,0.7097485355185245,0.7097485355185245,0.6735492587644696,0.7459478122725794
linear_constraint_matrix_vars,9005,2,0.7097485355185245,0.7097485355185245,0.6735492587644696,0.7459478122725794
linear_constraint_matrix_vars_presolved,2192,2,0.7097485355185245,0.7097485355185245,0.6735492587644696,0.7459478122725794
optimizer_presolve_removed_rows,73114,2,0.7097485355185245,0.7097485355185245,0.6735492587644696,0.7459478122725794
optimizer_presolved_columns,2192,2,0.7097485355185245,0.7097485355185245,0.6735492587644696,0.7459478122725794
optimizer_presolved_rows,52143,2,0.7097485355185245,0.7097485355185245,0.6735492587644696,0.7459478122725794
optimizer_presolved_variable_types_continuous,1548,2,0.7097485355185245,0.7097485355185245,0.6735492587644696,0.7459478122725794
variable_types_binary,693,2,0.7097485355185245,0.7097485355185245,0.6735492587644696,0.7459478122725794
variable_types_continuous_presolved,1548,2,0.7097485355185245,0.7097485355185245,0.6735492587644696,0.7459478122725794
variable_types_integer,693,2,0.7097485355185245,0.7097485355185245,0.6735492587644696,0.7459478122725794
cutting_planes_cover,12.0,2,0.7118726975750046,0.7118726975750046,0.4843668486537817,0.9393785464962274
linear_constraint_matrix_constrs_presolved,52120,2,0.7158923166432396,0.7158923166432396,0.6170821339560923,0.8147024993303869
linear_constraint_matrix_nzs,711180,2,0.7158923166432396,0.7158923166432396,0.6170821339560923,0.8147024993303869
linear_constraint_matrix_vars_presolved,2046,2,0.7158923166432396,0.7158923166432396,0.6170821339560923,0.8147024993303869
optimizer_presolve_removed_rows,73107,2,0.7158923166432396,0.7158923166432396,0.6170821339560923,0.8147024993303869
optimizer_presolved_columns,2046,2,0.7158923166432396,0.7158923166432396,0.6170821339560923,0.8147024993303869
optimizer_presolved_rows,52120,2,0.7158923166432396,0.7158923166432396,0.6170821339560923,0.8147024993303869
optimizer_presolved_variable_types_binary,616,2,0.7158923166432396,0.7158923166432396,0.6170821339560923,0.8147024993303869
optimizer_presolved_variable_types_continuous,1430,2,0.7158923166432396,0.7158923166432396,0.6170821339560923,0.8147024993303869
optimizer_presolved_variable_types_integer,616,2,0.7158923166432396,0.7158923166432396,0.6170821339560923,0.8147024993303869
variable_types_binary,663,2,0.7158923166432396,0.7158923166432396,0.6170821339560923,0.8147024993303869
variable_types_binary_presolved,616,2,0.7158923166432396,0.7158923166432396,0.6170821339560923,0.8147024993303869
variable_types_continuous_presolved,1430,2,0.7158923166432396,0.7158923166432396,0.6170821339560923,0.8147024993303869
variable_types_integer,663,2,0.7158923166432396,0.7158923166432396,0.6170821339560923,0.8147024993303869
variable_types_integer_presolved,616,2,0.7158923166432396,0.7158923166432396,0.6170821339560923,0.8147024993303869
extra_simplex_iterations_dual_to_original,54,2,0.7174578295373835,0.7174578295373835,0.45126214500731127,0.9836535140674557
cutting_planes_clique,24.0,1,0.7208614166220593,0.7208614166220593,0.7208614166220593,0.7208614166220593
cutting_planes_cover,78.0,1,0.7208614166220593,0.7208614166220593,0.7208614166220593,0.7208614166220593
extra_simplex_iterations_dual_to_original,28,1,0.7208614166220593,0.7208614166220593,0.7208614166220593,0.7208614166220593
variable_types_binary,475,5,0.7208614166220593,0.7276842092854524,0.4016398907108913,1.0181156100575868
variable_types_integer,475,5,0.7208614166220593,0.7276842092854524,0.4016398907108913,1.0181156100575868
variable_types_continuous,8172,6,0.736557308082578,0.7909446218209232,0.4950158632328357,1.293952592301525
split_selection_mode,max,30,0.73830581748865,0.8449227554593454,0.5409050844325098,1.8646936582223586
extra_simplex_iterations_after_uncrush,9882,1,0.7455029456622723,0.7455029456622723,0.7455029456622723,0.7455029456622723
extra_simplex_iterations_dual_to_original,80,1,0.7455029456622723,0.7455029456622723,0.7455029456622723,0.7455029456622723
cutting_planes_gomory,2.0,9,0.7455029456622723,0.849492648475912,0.47855247522674044,1.4715541487728179
matrix_coefficient_range_presolved,"[ 9.78159e-10, 35.1672 ]",21,0.7455029456622723,0.8602308688359118,0.45126214500731127,1.5424418038873573
extra_simplex_iterations_after_uncrush,2540,1,0.7459478122725794,0.7459478122725794,0.7459478122725794,0.7459478122725794
extra_simplex_iterations_dual_to_original,59,1,0.7459478122725794,0.7459478122725794,0.7459478122725794,0.7459478122725794
linear_constraint_matrix_constrs,125257,3,0.7459478122725794,0.7880101277100794,0.6735492587644696,0.9445333120931896
optimizer_presolved_variable_types_binary,644,3,0.7459478122725794,0.7880101277100794,0.6735492587644696,0.9445333120931896
optimizer_presolved_variable_types_integer,644,3,0.7459478122725794,0.7880101277100794,0.6735492587644696,0.9445333120931896
variable_types_binary_presolved,644,3,0.7459478122725794,0.7880101277100794,0.6735492587644696,0.9445333120931896
variable_types_integer_presolved,644,3,0.7459478122725794,0.7880101277100794,0.6735492587644696,0.9445333120931896
extra_simplex_iterations_dual_to_original,34,2,0.7472996954740262,0.7472996954740262,0.6252550700873188,0.8693443208607335
general_constraints,580,22,0.7506265820087565,0.8716300336305064,0.45126214500731127,1.5424418038873573
matrix_coefficient_range,"[ 1.01469e-13, 35.1672 ]",22,0.7506265820087565,0.8716300336305064,0.45126214500731127,1.5424418038873573
rhs_coefficient_range,"[ 1.67848e-38, 22.292 ]",22,0.7506265820087565,0.8716300336305064,0.45126214500731127,1.5424418038873573
variable_bound_range,"[ 3.90274e-09, 35.1672 ]",22,0.7506265820087565,0.8716300336305064,0.45126214500731127,1.5424418038873573
variable_bound_range_presolved,"[ 6.33653e-07, 35.1672 ]",22,0.7506265820087565,0.8716300336305064,0.45126214500731127,1.5424418038873573
extra_simplex_iterations_after_uncrush,56,2,0.7525725283257698,0.7525725283257698,0.5606117445583502,0.9445333120931896
linear_constraint_matrix_constrs_presolved,54705,1,0.7557502183552407,0.7557502183552407,0.7557502183552407,0.7557502183552407
linear_constraint_matrix_nzs,725437,1,0.7557502183552407,0.7557502183552407,0.7557502183552407,0.7557502183552407
linear_constraint_matrix_vars,8902,1,0.7557502183552407,0.7557502183552407,0.7557502183552407,0.7557502183552407
linear_constraint_matrix_vars_presolved,2098,1,0.7557502183552407,0.7557502183552407,0.7557502183552407,0.7557502183552407
optimizer_presolve_removed_rows,74058,1,0.7557502183552407,0.7557502183552407,0.7557502183552407,0.7557502183552407
optimizer_presolved_columns,2098,1,0.7557502183552407,0.7557502183552407,0.7557502183552407,0.7557502183552407
optimizer_presolved_rows,54705,1,0.7557502183552407,0.7557502183552407,0.7557502183552407,0.7557502183552407
optimizer_presolved_variable_types_continuous,1477,1,0.7557502183552407,0.7557502183552407,0.7557502183552407,0.7557502183552407
variable_types_binary,660,1,0.7557502183552407,0.7557502183552407,0.7557502183552407,0.7557502183552407
variable_types_continuous_presolved,1477,1,0.7557502183552407,0.7557502183552407,0.7557502183552407,0.7557502183552407
variable_types_integer,660,1,0.7557502183552407,0.7557502183552407,0.7557502183552407,0.7557502183552407
cutting_planes_projected_implied_bound,1.0,11,0.7557502183552407,0.8992263478149549,0.4663401145723885,1.4715541487728179
linear_constraint_matrix_constrs,128763,5,0.7557502183552407,0.9490812773110371,0.4950158632328357,1.5227300298009452
optimizer_presolved_variable_types_binary,621,5,0.7557502183552407,0.9490812773110371,0.4950158632328357,1.5227300298009452
optimizer_presolved_variable_types_integer,621,5,0.7557502183552407,0.9490812773110371,0.4950158632328357,1.5227300298009452
variable_types_binary_presolved,621,5,0.7557502183552407,0.9490812773110371,0.4950158632328357,1.5227300298009452
variable_types_integer_presolved,621,5,0.7557502183552407,0.9490812773110371,0.4950158632328357,1.5227300298009452
extra_simplex_iterations_dual_to_original,37,2,0.7563261925139397,0.7563261925139397,0.4016398907108913,1.1110124943169881
cutting_planes_clique,19.0,2,0.7615313760573221,0.7615313760573221,0.6602242455480435,0.8628385065666009
cutting_planes_clique,8.0,2,0.7743639278613721,0.7743639278613721,0.6115354712443694,0.9371923844783748
linear_constraint_matrix_constrs_presolved,54649,2,0.7774337377232067,0.7774337377232067,0.7455029456622723,0.8093645297841411
optimizer_presolve_removed_rows,74084,2,0.7774337377232067,0.7774337377232067,0.7455029456622723,0.8093645297841411
optimizer_presolved_rows,54649,2,0.7774337377232067,0.7774337377232067,0.7455029456622723,0.8093645297841411
cutting_planes_clique,1.0,16,0.7803251558014832,1.0059704441535844,0.5492816320456194,2.3429336250343424
cutting_planes_clique,3.0,6,0.7879931255416075,0.8117445615226115,0.5430580878534023,1.1726956755831148
variable_types_continuous,8132,8,0.8041707261144366,0.7965220115797675,0.4663401145723885,1.0796120885290554
variable_types_continuous,8122,4,0.8054271008267937,0.8406538676110961,0.5671582617837135,1.1846030070070834
cutting_planes_network,1.0,2,0.8074729320252256,0.8074729320252256,0.6136691613168218,1.0012767027336296
linear_constraint_matrix_nzs,725077,1,0.8093645297841411,0.8093645297841411,0.8093645297841411,0.8093645297841411
linear_constraint_matrix_vars,8792,1,0.8093645297841411,0.8093645297841411,0.8093645297841411,0.8093645297841411
linear_constraint_matrix_vars_presolved,1988,1,0.8093645297841411,0.8093645297841411,0.8093645297841411,0.8093645297841411
optimizer_presolved_columns,1988,1,0.8093645297841411,0.8093645297841411,0.8093645297841411,0.8093645297841411
optimizer_presolved_variable_types_continuous,1397,1,0.8093645297841411,0.8093645297841411,0.8093645297841411,0.8093645297841411
variable_types_continuous_presolved,1397,1,0.8093645297841411,0.8093645297841411,0.8093645297841411,0.8093645297841411
variable_types_continuous,8112,4,0.8101817302719354,0.8312272534719775,0.45126214500731127,1.2532834083367277
linear_constraint_matrix_constrs,128723,4,0.8111302922871597,0.8405286304852869,0.5671582617837135,1.1726956755831148
linear_constraint_matrix_vars,8742,4,0.8111302922871597,0.8405286304852869,0.5671582617837135,1.1726956755831148
optimizer_presolved_variable_types_binary,581,4,0.8111302922871597,0.8405286304852869,0.5671582617837135,1.1726956755831148
optimizer_presolved_variable_types_integer,581,4,0.8111302922871597,0.8405286304852869,0.5671582617837135,1.1726956755831148
variable_types_binary_presolved,581,4,0.8111302922871597,0.8405286304852869,0.5671582617837135,1.1726956755831148
variable_types_integer_presolved,581,4,0.8111302922871597,0.8405286304852869,0.5671582617837135,1.1726956755831148
extra_simplex_iterations_dual_to_original,33,3,0.8147024993303869,0.7889211580209569,0.5507842719988539,1.0012767027336296
extra_simplex_iterations_after_uncrush,41,1,0.8147024993303869,0.8147024993303869,0.8147024993303869,0.8147024993303869
linear_constraint_matrix_constrs,125227,5,0.8147024993303869,0.8486392582718636,0.6170821339560923,1.293952592301525
cutting_planes_cover,8.0,3,0.8147024993303869,0.8938217373342052,0.7557502183552407,1.1110124943169881
extra_simplex_iterations_dual_to_original,45,4,0.8158923856872042,0.8752995563505122,0.6115354712443694,1.2578779827832711
mip_final_status,6,62,0.8186258942864004,0.9016332803833972,0.4016398907108913,2.5605216761286544
extra_simplex_iterations_after_uncrush,18,3,0.8225492892424141,0.788535792365272,0.5430580878534023,1.0
linear_constraint_matrix_constrs_presolved,31462,3,0.8225492892424141,0.8108463837993515,0.6263363480881847,0.9836535140674557
linear_constraint_matrix_nzs,553025,3,0.8225492892424141,0.8108463837993515,0.6263363480881847,0.9836535140674557
linear_constraint_matrix_vars_presolved,1531,3,0.8225492892424141,0.8108463837993515,0.6263363480881847,0.9836535140674557
optimizer_presolve_removed_columns,7027,3,0.8225492892424141,0.8108463837993515,0.6263363480881847,0.9836535140674557
optimizer_presolve_removed_rows,45108,3,0.8225492892424141,0.8108463837993515,0.6263363480881847,0.9836535140674557
optimizer_presolved_columns,1531,3,0.8225492892424141,0.8108463837993515,0.6263363480881847,0.9836535140674557
optimizer_presolved_rows,31462,3,0.8225492892424141,0.8108463837993515,0.6263363480881847,0.9836535140674557
variable_types_continuous,8103,3,0.8225492892424141,0.8108463837993515,0.6263363480881847,0.9836535140674557
linear_constraint_matrix_vars,8855,4,0.8423089986197936,0.8989131808743012,0.6170821339560923,1.293952592301525
variable_types_continuous,8139,2,0.852615526307224,0.852615526307224,0.4843668486537817,1.2208642039606663
cutting_planes_cover,33.0,2,0.8627540457197966,0.8627540457197966,0.5409050844325098,1.1846030070070834
extra_simplex_iterations_after_uncrush,4206,1,0.8628385065666009,0.8628385065666009,0.8628385065666009,0.8628385065666009
cutting_planes_network,,63,0.8628385065666009,0.9741155579792229,0.4016398907108913,4.104690328742858
linear_constraint_matrix_constrs,128743,2,0.8681337822021535,0.8681337822021535,0.6252550700873188,1.1110124943169881
linear_constraint_matrix_vars,8802,2,0.8681337822021535,0.8681337822021535,0.6252550700873188,1.1110124943169881
extra_simplex_iterations_after_uncrush,65,1,0.8693443208607335,0.8693443208607335,0.8693443208607335,0.8693443208607335
linear_constraint_matrix_constrs_presolved,31553,1,0.8693443208607335,0.8693443208607335,0.8693443208607335,0.8693443208607335
linear_constraint_matrix_nzs,553322,1,0.8693443208607335,0.8693443208607335,0.8693443208607335,0.8693443208607335
optimizer_presolve_removed_rows,45057,1,0.8693443208607335,0.8693443208607335,0.8693443208607335,0.8693443208607335
optimizer_presolved_rows,31553,1,0.8693443208607335,0.8693443208607335,0.8693443208607335,0.8693443208607335
optimizer_presolved_variable_types_continuous,1158,1,0.8693443208607335,0.8693443208607335,0.8693443208607335,0.8693443208607335
variable_types_binary,520,1,0.8693443208607335,0.8693443208607335,0.8693443208607335,0.8693443208607335
variable_types_continuous_presolved,1158,1,0.8693443208607335,0.8693443208607335,0.8693443208607335,0.8693443208607335
variable_types_integer,520,1,0.8693443208607335,0.8693443208607335,0.8693443208607335,0.8693443208607335
variable_types_continuous,8162,3,0.8693443208607335,0.8843618735000679,0.6727288053224821,1.1110124943169881
cutting_planes_strongcg,,59,0.8693443208607335,0.9103531614662824,0.45126214500731127,2.5605216761286544
optimizer_presolved_variable_types_continuous,1348,3,0.8699154979092004,0.9160305505674389,0.5842235614915912,1.293952592301525
variable_types_continuous_presolved,1348,3,0.8699154979092004,0.9160305505674389,0.5842235614915912,1.293952592301525
optimizer_presolved_variable_types_binary,614,3,0.8699154979092004,0.9371372193576132,0.6475435678621138,1.293952592301525
optimizer_presolved_variable_types_integer,614,3,0.8699154979092004,0.9371372193576132,0.6475435678621138,1.293952592301525
variable_types_binary_presolved,614,3,0.8699154979092004,0.9371372193576132,0.6475435678621138,1.293952592301525
variable_types_integer_presolved,614,3,0.8699154979092004,0.9371372193576132,0.6475435678621138,1.293952592301525
cutting_planes_projected_implied_bound,,51,0.8699154979092004,1.0211635494083076,0.4016398907108913,4.104690328742858
cutting_planes_learned,1.0,30,0.873278457131258,0.9944195521237394,0.4016398907108913,2.5605216761286544
cutting_planes_cover,5.0,2,0.8753017413969999,0.8753017413969999,0.6727288053224821,1.0778746774715178
extra_simplex_iterations_dual_to_original,35,4,0.8880094430978435,0.9620076370105629,0.5492816320456194,1.5227300298009452
linear_constraint_matrix_constrs,76570,6,0.9031014016549349,1.220613913118594,0.6088455175591283,2.5605216761286544
linear_constraint_matrix_vars,8558,6,0.9031014016549349,1.220613913118594,0.6088455175591283,2.5605216761286544
optimizer_presolved_variable_types_binary,433,6,0.9031014016549349,1.220613913118594,0.6088455175591283,2.5605216761286544
optimizer_presolved_variable_types_integer,433,6,0.9031014016549349,1.220613913118594,0.6088455175591283,2.5605216761286544
variable_types_binary_presolved,433,6,0.9031014016549349,1.220613913118594,0.6088455175591283,2.5605216761286544
variable_types_integer_presolved,433,6,0.9031014016549349,1.220613913118594,0.6088455175591283,2.5605216761286544
top_k,30,30,0.9035539411937876,0.9184508082908835,0.4663401145723885,1.5424418038873573
rhs_coefficient_range_presolved,"[ 4.89465e-08, 20.4907 ]",2,0.9036859093298952,0.9036859093298952,0.8628385065666009,0.9445333120931896
cutting_planes_learned,,38,0.9072244050011951,0.9167134216120862,0.45126214500731127,1.8646936582223586
variable_types_continuous,8312,4,0.9177139130552985,0.9951328084119712,0.6735492587644696,1.4715541487728179
extra_simplex_iterations_dual_to_original,55,2,0.9220856653702374,0.9220856653702374,0.6714756551573599,1.1726956755831148
extra_simplex_iterations_after_uncrush,58,2,0.9334762848267748,0.9334762848267748,0.6136691613168218,1.2532834083367277
linear_constraint_matrix_vars,8682,2,0.9346721604303667,0.9346721604303667,0.8693443208607335,1.0
cutting_planes_cover,28.0,3,0.9371923844783748,0.8495759519075814,0.6115354712443694,1.0
linear_constraint_matrix_vars_presolved,1541,3,0.9371923844783748,0.8920564703860071,0.7208614166220593,1.0181156100575868
optimizer_presolve_removed_columns,7047,3,0.9371923844783748,0.8920564703860071,0.7208614166220593,1.0181156100575868
optimizer_presolved_columns,1541,3,0.9371923844783748,0.8920564703860071,0.7208614166220593,1.0181156100575868
extra_simplex_iterations_dual_to_original,32,3,0.9371923844783748,0.9616608532863644,0.8699154979092004,1.0778746774715178
linear_constraint_matrix_nzs,553075,5,0.9371923844783748,1.001358412468575,0.6088455175591283,1.7217771336257264
variable_types_continuous,8113,5,0.9371923844783748,1.001358412468575,0.6088455175591283,1.7217771336257264
variable_types_binary,613,3,0.9393785464962274,0.929243879961442,0.663750086381015,1.1846030070070834
variable_types_integer,613,3,0.9393785464962274,0.929243879961442,0.663750086381015,1.1846030070070834
linear_constraint_matrix_constrs_presolved,52003,1,0.9393785464962274,0.9393785464962274,0.9393785464962274,0.9393785464962274
optimizer_presolve_removed_rows,73184,1,0.9393785464962274,0.9393785464962274,0.9393785464962274,0.9393785464962274
optimizer_presolved_rows,52003,1,0.9393785464962274,0.9393785464962274,0.9393785464962274,0.9393785464962274
extra_simplex_iterations_dual_to_original,52,3,0.9393785464962274,1.8704090456742666,0.5671582617837135,4.104690328742858
variable_types_continuous,8150,2,0.941566526435295,0.941566526435295,0.6252550700873188,1.2578779827832711
general_constraints,573,22,0.9419559292947085,0.9329562695523438,0.5842235614915912,1.293952592301525
matrix_coefficient_range,"[ 1.01469e-13, 32.4054 ]",22,0.9419559292947085,0.9329562695523438,0.5842235614915912,1.293952592301525
matrix_coefficient_range_presolved,"[ 9.78159e-10, 32.4054 ]",22,0.9419559292947085,0.9329562695523438,0.5842235614915912,1.293952592301525
rhs_coefficient_range,"[ 1.67848e-38, 20.5211 ]",22,0.9419559292947085,0.9329562695523438,0.5842235614915912,1.293952592301525
variable_bound_range,"[ 3.0394e-09, 32.4054 ]",22,0.9419559292947085,0.9329562695523438,0.5842235614915912,1.293952592301525
variable_bound_range_presolved,"[ 5.79089e-07, 32.4054 ]",22,0.9419559292947085,0.9329562695523438,0.5842235614915912,1.293952592301525
linear_constraint_matrix_nzs,710880,4,0.942744103708915,0.8873309643596191,0.5842235614915912,1.0796120885290554
variable_types_binary,633,4,0.942744103708915,0.9094572753173419,0.6727288053224821,1.0796120885290554
variable_types_integer,633,4,0.942744103708915,0.9094572753173419,0.6727288053224821,1.0796120885290554
general_constraints,415,28,0.943732001079371,1.1215704279780603,0.4016398907108913,4.104690328742858
matrix_coefficient_range,"[ 1.01469e-13, 35.346 ]",28,0.943732001079371,1.1215704279780603,0.4016398907108913,4.104690328742858
matrix_coefficient_range_presolved,"[ 2.0619e-08, 171.383 ]",28,0.943732001079371,1.1215704279780603,0.4016398907108913,4.104690328742858
rhs_coefficient_range,"[ 1.67848e-38, 23.028 ]",28,0.943732001079371,1.1215704279780603,0.4016398907108913,4.104690328742858
rhs_coefficient_range_presolved,"[ 9.68222e-08, 1087.35 ]",28,0.943732001079371,1.1215704279780603,0.4016398907108913,4.104690328742858
variable_bound_range,"[ 2.98161e-08, 35.346 ]",28,0.943732001079371,1.1215704279780603,0.4016398907108913,4.104690328742858
extra_simplex_iterations_after_uncrush,50,2,0.9444883091565983,0.9444883091565983,0.8093645297841411,1.0796120885290554
cutting_planes_cover,10.0,1,0.9445333120931896,0.9445333120931896,0.9445333120931896,0.9445333120931896
linear_constraint_matrix_constrs_presolved,52167,1,0.9445333120931896,0.9445333120931896,0.9445333120931896,0.9445333120931896
linear_constraint_matrix_nzs,711363,1,0.9445333120931896,0.9445333120931896,0.9445333120931896,0.9445333120931896
linear_constraint_matrix_vars,8951,1,0.9445333120931896,0.9445333120931896,0.9445333120931896,0.9445333120931896
linear_constraint_matrix_vars_presolved,2072,1,0.9445333120931896,0.9445333120931896,0.9445333120931896,0.9445333120931896
optimizer_presolve_removed_columns,6879,1,0.9445333120931896,0.9445333120931896,0.9445333120931896,0.9445333120931896
optimizer_presolve_removed_rows,73090,1,0.9445333120931896,0.9445333120931896,0.9445333120931896,0.9445333120931896
optimizer_presolved_columns,2072,1,0.9445333120931896,0.9445333120931896,0.9445333120931896,0.9445333120931896
optimizer_presolved_rows,52167,1,0.9445333120931896,0.9445333120931896,0.9445333120931896,0.9445333120931896
optimizer_presolved_variable_types_continuous,1428,1,0.9445333120931896,0.9445333120931896,0.9445333120931896,0.9445333120931896
variable_types_binary,723,1,0.9445333120931896,0.9445333120931896,0.9445333120931896,0.9445333120931896
variable_types_continuous_presolved,1428,1,0.9445333120931896,0.9445333120931896,0.9445333120931896,0.9445333120931896
variable_types_integer,723,1,0.9445333120931896,0.9445333120931896,0.9445333120931896,0.9445333120931896
cutting_planes_clique,7.0,7,0.9445333120931896,0.9772163742435643,0.8225492892424141,1.2532834083367277
cutting_planes_gomory,,47,0.9502716176803672,0.9383593456895915,0.4016398907108913,2.5605216761286544
cutting_planes_cover,37.0,1,0.9502716176803672,0.9502716176803672,0.9502716176803672,0.9502716176803672
extra_simplex_iterations_after_uncrush,14,1,0.9502716176803672,0.9502716176803672,0.9502716176803672,0.9502716176803672
extra_simplex_iterations_dual_to_original,18,1,0.9502716176803672,0.9502716176803672,0.9502716176803672,0.9502716176803672
cutting_planes_clique,5.0,5,0.9502716176803672,0.9953889452547535,0.4950158632328357,1.4251053302277787
extra_simplex_iterations_after_uncrush,64,1,0.9507849294169595,0.9507849294169595,0.9507849294169595,0.9507849294169595
linear_constraint_matrix_constrs_presolved,54637,1,0.9507849294169595,0.9507849294169595,0.9507849294169595,0.9507849294169595
linear_constraint_matrix_vars_presolved,1938,1,0.9507849294169595,0.9507849294169595,0.9507849294169595,0.9507849294169595
optimizer_presolved_columns,1938,1,0.9507849294169595,0.9507849294169595,0.9507849294169595,0.9507849294169595
optimizer_presolved_rows,54637,1,0.9507849294169595,0.9507849294169595,0.9507849294169595,0.9507849294169595
variable_types_binary,610,1,0.9507849294169595,0.9507849294169595,0.9507849294169595,0.9507849294169595
variable_types_integer,610,1,0.9507849294169595,0.9507849294169595,0.9507849294169595,0.9507849294169595
cutting_planes_network,2.0,3,0.9507849294169595,0.989510274150247,0.4950158632328357,1.5227300298009452
linear_constraint_matrix_constrs,125207,2,0.9653033940528766,0.9653033940528766,0.6727288053224821,1.2578779827832711
linear_constraint_matrix_vars,8795,2,0.9653033940528766,0.9653033940528766,0.6727288053224821,1.2578779827832711
optimizer_presolved_variable_types_continuous,1098,10,0.9669625658739114,1.2588775839207078,0.6263363480881847,4.104690328742858
variable_types_continuous_presolved,1098,10,0.9669625658739114,1.2588775839207078,0.6263363480881847,4.104690328742858
cutting_planes_projected_implied_bound,2.0,8,0.9685961922391875,0.940506243183069,0.45126214500731127,1.5424418038873573
linear_constraint_matrix_vars,8588,4,0.9776539972679807,0.9385110221573847,0.7208614166220593,1.0778746774715178
extra_simplex_iterations_dual_to_original,40,4,0.9835915064722094,0.9267548367553793,0.6602242455480435,1.0796120885290554
cutting_planes_projected_implied_bound,3.0,1,0.9836535140674557,0.9836535140674557,0.9836535140674557,0.9836535140674557
split_selection_mode,min,15,0.9836535140674557,1.222100650647131,0.4016398907108913,4.104690328742858
variable_types_binary,455,5,0.9836535140674557,1.328033286930951,0.6263363480881847,2.3429336250343424
variable_types_integer,455,5,0.9836535140674557,1.328033286930951,0.6263363480881847,2.3429336250343424
linear_constraint_matrix_vars,8862,4,0.9859551375830817,0.9974140420499862,0.4950158632328357,1.5227300298009452
extra_simplex_iterations_after_uncrush,48,2,0.9904639961130943,0.9904639961130943,0.8699154979092004,1.1110124943169881
variable_bound_range_presolved,"[ 6.17312e-05, 35.346 ]",10,0.9924651084005427,1.0888800021052338,0.6263363480881847,2.5605216761286544
extra_simplex_iterations_dual_to_original,41,7,1.0,0.9295932616013423,0.5430580878534023,1.3582411138493415
cutting_planes_cover,4.0,3,1.0,0.9865376395721537,0.9507849294169595,1.0088279892995016
cutting_planes_learned,3.0,1,1.0,1.0,1.0,1.0
extra_simplex_iterations_after_uncrush,5343,1,1.0,1.0,1.0,1.0
extra_simplex_iterations_dual_to_original,23,1,1.0,1.0,1.0,1.0
extra_simplex_iterations_dual_to_original,58,1,1.0,1.0,1.0,1.0
linear_constraint_matrix_constrs,76550,1,1.0,1.0,1.0,1.0
linear_constraint_matrix_constrs,125167,1,1.0,1.0,1.0,1.0
linear_constraint_matrix_constrs,128703,1,1.0,1.0,1.0,1.0
linear_constraint_matrix_constrs_presolved,31422,1,1.0,1.0,1.0,1.0
linear_constraint_matrix_constrs_presolved,51964,1,1.0,1.0,1.0,1.0
linear_constraint_matrix_constrs_presolved,54589,1,1.0,1.0,1.0,1.0
linear_constraint_matrix_nzs,552925,1,1.0,1.0,1.0,1.0
linear_constraint_matrix_nzs,710730,1,1.0,1.0,1.0,1.0
linear_constraint_matrix_nzs,724717,1,1.0,1.0,1.0,1.0
linear_constraint_matrix_vars,8498,1,1.0,1.0,1.0,1.0
linear_constraint_matrix_vars,8675,1,1.0,1.0,1.0,1.0
linear_constraint_matrix_vars_presolved,1511,1,1.0,1.0,1.0,1.0
linear_constraint_matrix_vars_presolved,1862,1,1.0,1.0,1.0,1.0
linear_constraint_matrix_vars_presolved,1878,1,1.0,1.0,1.0,1.0
optimizer_presolve_removed_rows,45128,1,1.0,1.0,1.0,1.0
optimizer_presolve_removed_rows,73203,1,1.0,1.0,1.0,1.0
optimizer_presolve_removed_rows,74114,1,1.0,1.0,1.0,1.0
optimizer_presolved_columns,1511,1,1.0,1.0,1.0,1.0
optimizer_presolved_columns,1862,1,1.0,1.0,1.0,1.0
optimizer_presolved_columns,1878,1,1.0,1.0,1.0,1.0
optimizer_presolved_rows,31422,1,1.0,1.0,1.0,1.0
optimizer_presolved_rows,51964,1,1.0,1.0,1.0,1.0
optimizer_presolved_rows,54589,1,1.0,1.0,1.0,1.0
optimizer_presolved_variable_types_binary,413,1,1.0,1.0,1.0,1.0
optimizer_presolved_variable_types_binary,554,1,1.0,1.0,1.0,1.0
optimizer_presolved_variable_types_binary,561,1,1.0,1.0,1.0,1.0
optimizer_presolved_variable_types_integer,413,1,1.0,1.0,1.0,1.0
optimizer_presolved_variable_types_integer,554,1,1.0,1.0,1.0,1.0
optimizer_presolved_variable_types_integer,561,1,1.0,1.0,1.0,1.0
variable_types_binary,415,1,1.0,1.0,1.0,1.0
variable_types_binary,573,1,1.0,1.0,1.0,1.0
variable_types_binary,580,1,1.0,1.0,1.0,1.0
variable_types_binary_presolved,413,1,1.0,1.0,1.0,1.0
variable_types_binary_presolved,554,1,1.0,1.0,1.0,1.0
variable_types_binary_presolved,561,1,1.0,1.0,1.0,1.0
variable_types_continuous,8083,1,1.0,1.0,1.0,1.0
variable_types_continuous,8102,2,1.0,1.0,1.0,1.0
variable_types_integer,415,1,1.0,1.0,1.0,1.0
variable_types_integer,573,1,1.0,1.0,1.0,1.0
variable_types_integer,580,1,1.0,1.0,1.0,1.0
variable_types_integer_presolved,413,1,1.0,1.0,1.0,1.0
variable_types_integer_presolved,554,1,1.0,1.0,1.0,1.0
variable_types_integer_presolved,561,1,1.0,1.0,1.0,1.0
cutting_planes_strongcg,1.0,11,1.0,1.4946918149261803,0.5492816320456194,4.104690328742858
cutting_planes_cover,27.0,1,1.0012767027336296,1.0012767027336296,1.0012767027336296,1.0012767027336296
extra_simplex_iterations_after_uncrush,38,1,1.0012767027336296,1.0012767027336296,1.0012767027336296,1.0012767027336296
linear_constraint_matrix_constrs_presolved,31510,1,1.0012767027336296,1.0012767027336296,1.0012767027336296,1.0012767027336296
linear_constraint_matrix_nzs,553165,1,1.0012767027336296,1.0012767027336296,1.0012767027336296,1.0012767027336296
linear_constraint_matrix_vars_presolved,1583,1,1.0012767027336296,1.0012767027336296,1.0012767027336296,1.0012767027336296
optimizer_presolve_removed_columns,7035,1,1.0012767027336296,1.0012767027336296,1.0012767027336296,1.0012767027336296
optimizer_presolve_removed_rows,45080,1,1.0012767027336296,1.0012767027336296,1.0012767027336296,1.0012767027336296
optimizer_presolved_columns,1583,1,1.0012767027336296,1.0012767027336296,1.0012767027336296,1.0012767027336296
optimizer_presolved_rows,31510,1,1.0012767027336296,1.0012767027336296,1.0012767027336296,1.0012767027336296
optimizer_presolved_variable_types_continuous,1130,1,1.0012767027336296,1.0012767027336296,1.0012767027336296,1.0012767027336296
variable_types_binary,487,1,1.0012767027336296,1.0012767027336296,1.0012767027336296,1.0012767027336296
variable_types_continuous,8131,1,1.0012767027336296,1.0012767027336296,1.0012767027336296,1.0012767027336296
variable_types_continuous_presolved,1130,1,1.0012767027336296,1.0012767027336296,1.0012767027336296,1.0012767027336296
variable_types_integer,487,1,1.0012767027336296,1.0012767027336296,1.0012767027336296,1.0012767027336296
split_selection_mode,random,27,1.0012767027336296,1.0157658603674466,0.45126214500731127,2.5605216761286544
optimizer_presolve_removed_columns,7051,2,1.0048813615115977,1.0048813615115977,0.8693443208607335,1.1404184021624617
extra_simplex_iterations_after_uncrush,29,3,1.0088279892995016,1.0234520602794916,0.9836535140674557,1.0778746774715178
optimizer_presolved_variable_types_continuous,1308,8,1.0157388450753655,1.043899155885803,0.8628385065666009,1.2532834083367277
variable_types_continuous_presolved,1308,8,1.0157388450753655,1.043899155885803,0.8628385065666009,1.2532834083367277
cutting_planes_cover,26.0,3,1.0181156100575868,1.241182085916923,0.9836535140674557,1.7217771336257264
optimizer_presolve_removed_rows,45098,7,1.0181156100575868,1.3163456207999396,0.6088455175591283,2.3429336250343424
linear_constraint_matrix_constrs_presolved,31482,5,1.0181156100575868,1.3767593388829442,0.7208614166220593,2.3429336250343424
optimizer_presolved_rows,31482,5,1.0181156100575868,1.3767593388829442,0.7208614166220593,2.3429336250343424
linear_constraint_matrix_constrs,125197,5,1.0226497008512292,0.9699429172577133,0.663750086381015,1.2208642039606663
optimizer_presolved_variable_types_binary,584,5,1.0226497008512292,0.9699429172577133,0.663750086381015,1.2208642039606663
optimizer_presolved_variable_types_integer,584,5,1.0226497008512292,0.9699429172577133,0.663750086381015,1.2208642039606663
variable_types_binary_presolved,584,5,1.0226497008512292,0.9699429172577133,0.663750086381015,1.2208642039606663
variable_types_integer_presolved,584,5,1.0226497008512292,0.9699429172577133,0.663750086381015,1.2208642039606663
linear_constraint_matrix_constrs_presolved,52020,3,1.0226497008512292,0.9883667653156284,0.8628385065666009,1.0796120885290554
linear_constraint_matrix_vars,8765,3,1.0226497008512292,0.9883667653156284,0.8628385065666009,1.0796120885290554
linear_constraint_matrix_vars_presolved,1892,3,1.0226497008512292,0.9883667653156284,0.8628385065666009,1.0796120885290554
optimizer_presolve_removed_columns,6873,3,1.0226497008512292,0.9883667653156284,0.8628385065666009,1.0796120885290554
optimizer_presolve_removed_rows,73177,3,1.0226497008512292,0.9883667653156284,0.8628385065666009,1.0796120885290554
optimizer_presolved_columns,1892,3,1.0226497008512292,0.9883667653156284,0.8628385065666009,1.0796120885290554
optimizer_presolved_rows,52020,3,1.0226497008512292,0.9883667653156284,0.8628385065666009,1.0796120885290554
cutting_planes_clique,6.0,3,1.0226497008512292,1.0104772064369918,0.4663401145723885,1.5424418038873573
cutting_planes_cover,11.0,1,1.0226497008512292,1.0226497008512292,1.0226497008512292,1.0226497008512292
extra_simplex_iterations_after_uncrush,2990,1,1.0226497008512292,1.0226497008512292,1.0226497008512292,1.0226497008512292
extra_simplex_iterations_dual_to_original,26,2,1.0323020896230646,1.0323020896230646,0.6735492587644696,1.3910549204816598
cutting_planes_cover,17.0,2,1.0418513552636335,1.0418513552636335,0.8628385065666009,1.2208642039606663
optimizer_presolve_removed_columns,6804,8,1.0447400069190087,1.1197381229771828,0.7557502183552407,1.5227300298009452
linear_constraint_matrix_constrs,76580,6,1.0479951437645523,1.3269452286477066,0.7208614166220593,2.3429336250343424
optimizer_presolved_variable_types_binary,443,6,1.0479951437645523,1.3269452286477066,0.7208614166220593,2.3429336250343424
optimizer_presolved_variable_types_integer,443,6,1.0479951437645523,1.3269452286477066,0.7208614166220593,2.3429336250343424
variable_types_binary_presolved,443,6,1.0479951437645523,1.3269452286477066,0.7208614166220593,2.3429336250343424
variable_types_integer_presolved,443,6,1.0479951437645523,1.3269452286477066,0.7208614166220593,2.3429336250343424
linear_constraint_matrix_constrs,125187,4,1.053275957566393,0.9688446209078652,0.5842235614915912,1.1846030070070834
linear_constraint_matrix_vars,8735,4,1.053275957566393,0.9688446209078652,0.5842235614915912,1.1846030070070834
optimizer_presolved_variable_types_binary,574,4,1.053275957566393,0.9688446209078652,0.5842235614915912,1.1846030070070834
optimizer_presolved_variable_types_integer,574,4,1.053275957566393,0.9688446209078652,0.5842235614915912,1.1846030070070834
variable_types_binary_presolved,574,4,1.053275957566393,0.9688446209078652,0.5842235614915912,1.1846030070070834
variable_types_integer_presolved,574,4,1.053275957566393,0.9688446209078652,0.5842235614915912,1.1846030070070834
extra_simplex_iterations_dual_to_original,38,4,1.0582509407719696,1.047287694908458,0.6475435678621138,1.4251053302277787
cutting_planes_cover,22.0,2,1.0582509407719696,1.0582509407719696,0.8225492892424141,1.293952592301525
linear_constraint_matrix_nzs,710830,2,1.0619907767516554,1.0619907767516554,0.9393785464962274,1.1846030070070834
linear_constraint_matrix_vars_presolved,1882,2,1.0619907767516554,1.0619907767516554,0.9393785464962274,1.1846030070070834
optimizer_presolve_removed_columns,6853,2,1.0619907767516554,1.0619907767516554,0.9393785464962274,1.1846030070070834
optimizer_presolved_columns,1882,2,1.0619907767516554,1.0619907767516554,0.9393785464962274,1.1846030070070834
linear_constraint_matrix_constrs_presolved,31488,1,1.0778746774715178,1.0778746774715178,1.0778746774715178,1.0778746774715178
linear_constraint_matrix_nzs,553105,1,1.0778746774715178,1.0778746774715178,1.0778746774715178,1.0778746774715178
linear_constraint_matrix_vars_presolved,1565,1,1.0778746774715178,1.0778746774715178,1.0778746774715178,1.0778746774715178
optimizer_presolve_removed_columns,7023,1,1.0778746774715178,1.0778746774715178,1.0778746774715178,1.0778746774715178
optimizer_presolve_removed_rows,45092,1,1.0778746774715178,1.0778746774715178,1.0778746774715178,1.0778746774715178
optimizer_presolved_columns,1565,1,1.0778746774715178,1.0778746774715178,1.0778746774715178,1.0778746774715178
optimizer_presolved_rows,31488,1,1.0778746774715178,1.0778746774715178,1.0778746774715178,1.0778746774715178
optimizer_presolved_variable_types_continuous,1122,1,1.0778746774715178,1.0778746774715178,1.0778746774715178,1.0778746774715178
variable_types_binary,469,1,1.0778746774715178,1.0778746774715178,1.0778746774715178,1.0778746774715178
variable_types_continuous,8119,1,1.0778746774715178,1.0778746774715178,1.0778746774715178,1.0778746774715178
variable_types_continuous_presolved,1122,1,1.0778746774715178,1.0778746774715178,1.0778746774715178,1.0778746774715178
variable_types_integer,469,1,1.0778746774715178,1.0778746774715178,1.0778746774715178,1.0778746774715178
top_k,10,21,1.0778746774715178,1.287373608689927,0.45126214500731127,4.104690328742858
cutting_planes_cover,19.0,3,1.0796120885290554,0.9062159595615196,0.4663401145723885,1.1726956755831148
rhs_coefficient_range_presolved,"[ 4.89465e-08, 20.4978 ]",5,1.0796120885290554,1.0859355816947474,0.9393785464962274,1.2208642039606663
linear_constraint_matrix_constrs_presolved,52094,2,1.0819340451053627,1.0819340451053627,0.8699154979092004,1.293952592301525
linear_constraint_matrix_nzs,711080,2,1.0819340451053627,1.0819340451053627,0.8699154979092004,1.293952592301525
linear_constraint_matrix_vars_presolved,1962,2,1.0819340451053627,1.0819340451053627,0.8699154979092004,1.293952592301525
optimizer_presolve_removed_columns,6893,2,1.0819340451053627,1.0819340451053627,0.8699154979092004,1.293952592301525
optimizer_presolve_removed_rows,73133,2,1.0819340451053627,1.0819340451053627,0.8699154979092004,1.293952592301525
optimizer_presolved_columns,1962,2,1.0819340451053627,1.0819340451053627,0.8699154979092004,1.293952592301525
optimizer_presolved_rows,52094,2,1.0819340451053627,1.0819340451053627,0.8699154979092004,1.293952592301525
rhs_coefficient_range_presolved,"[ 4.89465e-08, 20.4967 ]",2,1.0819340451053627,1.0819340451053627,0.8699154979092004,1.293952592301525
variable_types_binary,683,2,1.0819340451053627,1.0819340451053627,0.8699154979092004,1.293952592301525
variable_types_integer,683,2,1.0819340451053627,1.0819340451053627,0.8699154979092004,1.293952592301525
extra_simplex_iterations_dual_to_original,51,2,1.0858245666888129,1.0858245666888129,0.9507849294169595,1.2208642039606663
variable_types_continuous,8192,4,1.0864718065898642,1.0781889442341916,0.6170821339560923,1.5227300298009452
extra_simplex_iterations_after_uncrush,42,1,1.0894800138380174,1.0894800138380174,1.0894800138380174,1.0894800138380174
rhs_coefficient_range_presolved,"[ 4.89465e-08, 22.292 ]",9,1.0894800138380174,1.1187686086816055,0.7557502183552407,1.5227300298009452
cutting_planes_clique,,9,1.0894800138380174,1.257823678999645,0.7557502183552407,2.5605216761286544
extra_simplex_iterations_dual_to_original,47,3,1.0894800138380174,1.3210005537866258,1.0088279892995016,1.8646936582223586
extra_simplex_iterations_after_uncrush,21,4,1.0926444893470726,1.2467937553487196,0.9371923844783748,1.8646936582223586
extra_simplex_iterations_dual_to_original,39,4,1.1075853046049198,1.3505071583566695,0.6263363480881847,2.5605216761286544
cutting_planes_network,7.0,1,1.1110124943169881,1.1110124943169881,1.1110124943169881,1.1110124943169881
linear_constraint_matrix_constrs_presolved,54695,1,1.1110124943169881,1.1110124943169881,1.1110124943169881,1.1110124943169881
linear_constraint_matrix_nzs,725017,1,1.1110124943169881,1.1110124943169881,1.1110124943169881,1.1110124943169881
linear_constraint_matrix_vars_presolved,2002,1,1.1110124943169881,1.1110124943169881,1.1110124943169881,1.1110124943169881
matrix_coefficient_range_presolved,"[ 1.02952e-09, 35.1672 ]",1,1.1110124943169881,1.1110124943169881,1.1110124943169881,1.1110124943169881
optimizer_presolve_removed_columns,6800,1,1.1110124943169881,1.1110124943169881,1.1110124943169881,1.1110124943169881
optimizer_presolved_columns,2002,1,1.1110124943169881,1.1110124943169881,1.1110124943169881,1.1110124943169881
optimizer_presolved_rows,54695,1,1.1110124943169881,1.1110124943169881,1.1110124943169881,1.1110124943169881
optimizer_presolved_variable_types_binary,603,1,1.1110124943169881,1.1110124943169881,1.1110124943169881,1.1110124943169881
optimizer_presolved_variable_types_continuous,1399,1,1.1110124943169881,1.1110124943169881,1.1110124943169881,1.1110124943169881
optimizer_presolved_variable_types_integer,603,1,1.1110124943169881,1.1110124943169881,1.1110124943169881,1.1110124943169881
variable_types_binary_presolved,603,1,1.1110124943169881,1.1110124943169881,1.1110124943169881,1.1110124943169881
variable_types_continuous_presolved,1399,1,1.1110124943169881,1.1110124943169881,1.1110124943169881,1.1110124943169881
variable_types_integer_presolved,603,1,1.1110124943169881,1.1110124943169881,1.1110124943169881,1.1110124943169881
variable_bound_range_presolved,"[ 0.000100063, 35.346 ]",2,1.1301996206711966,1.1301996206711966,0.8693443208607335,1.3910549204816598
linear_constraint_matrix_constrs,125177,2,1.1310556988181146,1.1310556988181146,1.0088279892995016,1.2532834083367277
linear_constraint_matrix_constrs_presolved,51984,2,1.1310556988181146,1.1310556988181146,1.0088279892995016,1.2532834083367277
linear_constraint_matrix_nzs,710780,2,1.1310556988181146,1.1310556988181146,1.0088279892995016,1.2532834083367277
linear_constraint_matrix_vars,8705,2,1.1310556988181146,1.1310556988181146,1.0088279892995016,1.2532834083367277
linear_constraint_matrix_vars_presolved,1872,2,1.1310556988181146,1.1310556988181146,1.0088279892995016,1.2532834083367277
optimizer_presolve_removed_columns,6833,2,1.1310556988181146,1.1310556988181146,1.0088279892995016,1.2532834083367277
optimizer_presolve_removed_rows,73193,2,1.1310556988181146,1.1310556988181146,1.0088279892995016,1.2532834083367277
optimizer_presolved_columns,1872,2,1.1310556988181146,1.1310556988181146,1.0088279892995016,1.2532834083367277
optimizer_presolved_rows,51984,2,1.1310556988181146,1.1310556988181146,1.0088279892995016,1.2532834083367277
optimizer_presolved_variable_types_binary,564,2,1.1310556988181146,1.1310556988181146,1.0088279892995016,1.2532834083367277
optimizer_presolved_variable_types_integer,564,2,1.1310556988181146,1.1310556988181146,1.0088279892995016,1.2532834083367277
rhs_coefficient_range_presolved,"[ 4.89465e-08, 20.5073 ]",2,1.1310556988181146,1.1310556988181146,1.0088279892995016,1.2532834083367277
variable_types_binary,593,2,1.1310556988181146,1.1310556988181146,1.0088279892995016,1.2532834083367277
variable_types_binary_presolved,564,2,1.1310556988181146,1.1310556988181146,1.0088279892995016,1.2532834083367277
variable_types_integer,593,2,1.1310556988181146,1.1310556988181146,1.0088279892995016,1.2532834083367277
variable_types_integer_presolved,564,2,1.1310556988181146,1.1310556988181146,1.0088279892995016,1.2532834083367277
cutting_planes_network,6.0,1,1.1404184021624617,1.1404184021624617,1.1404184021624617,1.1404184021624617
extra_simplex_iterations_after_uncrush,28,1,1.1404184021624617,1.1404184021624617,1.1404184021624617,1.1404184021624617
linear_constraint_matrix_constrs_presolved,31625,1,1.1404184021624617,1.1404184021624617,1.1404184021624617,1.1404184021624617
linear_constraint_matrix_nzs,553574,1,1.1404184021624617,1.1404184021624617,1.1404184021624617,1.1404184021624617
linear_constraint_matrix_vars,8776,1,1.1404184021624617,1.1404184021624617,1.1404184021624617,1.1404184021624617
linear_constraint_matrix_vars_presolved,1725,1,1.1404184021624617,1.1404184021624617,1.1404184021624617,1.1404184021624617
optimizer_presolve_removed_rows,45015,1,1.1404184021624617,1.1404184021624617,1.1404184021624617,1.1404184021624617
optimizer_presolved_columns,1725,1,1.1404184021624617,1.1404184021624617,1.1404184021624617,1.1404184021624617
optimizer_presolved_rows,31625,1,1.1404184021624617,1.1404184021624617,1.1404184021624617,1.1404184021624617
optimizer_presolved_variable_types_continuous,1222,1,1.1404184021624617,1.1404184021624617,1.1404184021624617,1.1404184021624617
variable_types_binary,564,1,1.1404184021624617,1.1404184021624617,1.1404184021624617,1.1404184021624617
variable_types_continuous,8212,1,1.1404184021624617,1.1404184021624617,1.1404184021624617,1.1404184021624617
variable_types_continuous_presolved,1222,1,1.1404184021624617,1.1404184021624617,1.1404184021624617,1.1404184021624617
variable_types_integer,564,1,1.1404184021624617,1.1404184021624617,1.1404184021624617,1.1404184021624617
rhs_coefficient_range_presolved,"[ 4.89465e-08, 22.2589 ]",2,1.1439723747748147,1.1439723747748147,0.7455029456622723,1.5424418038873573
cutting_planes_cover,13.0,2,1.147224825544256,1.147224825544256,0.8693443208607335,1.4251053302277787
linear_constraint_matrix_constrs_presolved,31472,2,1.1653113255924272,1.1653113255924272,0.6088455175591283,1.7217771336257264
linear_constraint_matrix_vars_presolved,1571,2,1.1653113255924272,1.1653113255924272,0.6088455175591283,1.7217771336257264
optimizer_presolved_columns,1571,2,1.1653113255924272,1.1653113255924272,0.6088455175591283,1.7217771336257264
optimizer_presolved_rows,31472,2,1.1653113255924272,1.1653113255924272,0.6088455175591283,1.7217771336257264
optimizer_presolved_variable_types_continuous,1138,2,1.1653113255924272,1.1653113255924272,0.6088455175591283,1.7217771336257264
variable_types_binary,445,2,1.1653113255924272,1.1653113255924272,0.6088455175591283,1.7217771336257264
variable_types_continuous_presolved,1138,2,1.1653113255924272,1.1653113255924272,0.6088455175591283,1.7217771336257264
variable_types_integer,445,2,1.1653113255924272,1.1653113255924272,0.6088455175591283,1.7217771336257264
linear_constraint_matrix_constrs_presolved,52005,1,1.1671733686365586,1.1671733686365586,1.1671733686365586,1.1671733686365586
linear_constraint_matrix_nzs,710840,1,1.1671733686365586,1.1671733686365586,1.1671733686365586,1.1671733686365586
linear_constraint_matrix_vars_presolved,1890,1,1.1671733686365586,1.1671733686365586,1.1671733686365586,1.1671733686365586
optimizer_presolve_removed_columns,6845,1,1.1671733686365586,1.1671733686365586,1.1671733686365586,1.1671733686365586
optimizer_presolve_removed_rows,73182,1,1.1671733686365586,1.1671733686365586,1.1671733686365586,1.1671733686365586
optimizer_presolved_columns,1890,1,1.1671733686365586,1.1671733686365586,1.1671733686365586,1.1671733686365586
optimizer_presolved_rows,52005,1,1.1671733686365586,1.1671733686365586,1.1671733686365586,1.1671733686365586
optimizer_presolved_variable_types_continuous,1316,1,1.1671733686365586,1.1671733686365586,1.1671733686365586,1.1671733686365586
variable_types_binary,611,1,1.1671733686365586,1.1671733686365586,1.1671733686365586,1.1671733686365586
variable_types_continuous_presolved,1316,1,1.1671733686365586,1.1671733686365586,1.1671733686365586,1.1671733686365586
variable_types_integer,611,1,1.1671733686365586,1.1671733686365586,1.1671733686365586,1.1671733686365586
extra_simplex_iterations_dual_to_original,57,2,1.1671963276697093,1.1671963276697093,0.8628385065666009,1.4715541487728179
variable_types_continuous,8124,2,1.1699345221098367,1.1699345221098367,1.1671733686365586,1.1726956755831148
extra_simplex_iterations_after_uncrush,150,1,1.1726956755831148,1.1726956755831148,1.1726956755831148,1.1726956755831148
linear_constraint_matrix_constrs_presolved,54627,1,1.1726956755831148,1.1726956755831148,1.1726956755831148,1.1726956755831148
linear_constraint_matrix_nzs,724827,1,1.1726956755831148,1.1726956755831148,1.1726956755831148,1.1726956755831148
linear_constraint_matrix_vars_presolved,1905,1,1.1726956755831148,1.1726956755831148,1.1726956755831148,1.1726956755831148
optimizer_presolve_removed_columns,6837,1,1.1726956755831148,1.1726956755831148,1.1726956755831148,1.1726956755831148
optimizer_presolve_removed_rows,74096,1,1.1726956755831148,1.1726956755831148,1.1726956755831148,1.1726956755831148
optimizer_presolved_columns,1905,1,1.1726956755831148,1.1726956755831148,1.1726956755831148,1.1726956755831148
optimizer_presolved_rows,54627,1,1.1726956755831148,1.1726956755831148,1.1726956755831148,1.1726956755831148
optimizer_presolved_variable_types_continuous,1324,1,1.1726956755831148,1.1726956755831148,1.1726956755831148,1.1726956755831148
variable_types_binary,618,1,1.1726956755831148,1.1726956755831148,1.1726956755831148,1.1726956755831148
variable_types_continuous_presolved,1324,1,1.1726956755831148,1.1726956755831148,1.1726956755831148,1.1726956755831148
variable_types_integer,618,1,1.1726956755831148,1.1726956755831148,1.1726956755831148,1.1726956755831148
cutting_planes_gomory,3.0,3,1.1726956755831148,1.236391769513076,0.8147024993303869,1.7217771336257264
cutting_planes_cover,7.0,4,1.1791205569246708,1.172583918358607,0.8093645297841411,1.5227300298009452
extra_simplex_iterations_after_uncrush,40,3,1.1846030070070834,1.1393113819349452,0.9393785464962274,1.293952592301525
cutting_planes_clique,17.0,1,1.1846030070070834,1.1846030070070834,1.1846030070070834,1.1846030070070834
linear_constraint_matrix_constrs_presolved,52000,1,1.1846030070070834,1.1846030070070834,1.1846030070070834,1.1846030070070834
optimizer_presolve_removed_rows,73187,1,1.1846030070070834,1.1846030070070834,1.1846030070070834,1.1846030070070834
optimizer_presolved_rows,52000,1,1.1846030070070834,1.1846030070070834,1.1846030070070834,1.1846030070070834
rhs_coefficient_range_presolved,"[ 4.89465e-08, 20.5042 ]",1,1.1846030070070834,1.1846030070070834,1.1846030070070834,1.1846030070070834
optimizer_presolved_variable_types_continuous,1178,4,1.2126527013903543,1.2924697296314855,0.4016398907108913,2.3429336250343424
variable_types_continuous_presolved,1178,4,1.2126527013903543,1.2924697296314855,0.4016398907108913,2.3429336250343424
extra_simplex_iterations_after_uncrush,27,1,1.2208642039606663,1.2208642039606663,1.2208642039606663,1.2208642039606663
linear_constraint_matrix_constrs_presolved,52025,1,1.2208642039606663,1.2208642039606663,1.2208642039606663,1.2208642039606663
linear_constraint_matrix_nzs,710916,1,1.2208642039606663,1.2208642039606663,1.2208642039606663,1.2208642039606663
linear_constraint_matrix_vars,8767,1,1.2208642039606663,1.2208642039606663,1.2208642039606663,1.2208642039606663
linear_constraint_matrix_vars_presolved,1912,1,1.2208642039606663,1.2208642039606663,1.2208642039606663,1.2208642039606663
optimizer_presolve_removed_columns,6855,1,1.2208642039606663,1.2208642039606663,1.2208642039606663,1.2208642039606663
optimizer_presolve_removed_rows,73172,1,1.2208642039606663,1.2208642039606663,1.2208642039606663,1.2208642039606663
optimizer_presolved_columns,1912,1,1.2208642039606663,1.2208642039606663,1.2208642039606663,1.2208642039606663
optimizer_presolved_rows,52025,1,1.2208642039606663,1.2208642039606663,1.2208642039606663,1.2208642039606663
optimizer_presolved_variable_types_continuous,1328,1,1.2208642039606663,1.2208642039606663,1.2208642039606663,1.2208642039606663
variable_types_binary,628,1,1.2208642039606663,1.2208642039606663,1.2208642039606663,1.2208642039606663
variable_types_continuous_presolved,1328,1,1.2208642039606663,1.2208642039606663,1.2208642039606663,1.2208642039606663
variable_types_integer,628,1,1.2208642039606663,1.2208642039606663,1.2208642039606663,1.2208642039606663
extra_simplex_iterations_after_uncrush,30,2,1.2213192751238928,1.2213192751238928,0.7208614166220593,1.7217771336257264
variable_types_continuous,8228,2,1.2434875579902736,1.2434875579902736,0.9445333120931896,1.5424418038873573
extra_simplex_iterations_dual_to_original,44,1,1.2532834083367277,1.2532834083367277,1.2532834083367277,1.2532834083367277
cutting_planes_clique,9.0,3,1.2578779827832711,1.2575649263484874,1.2208642039606663,1.293952592301525
extra_simplex_iterations_after_uncrush,5283,1,1.2578779827832711,1.2578779827832711,1.2578779827832711,1.2578779827832711
linear_constraint_matrix_constrs_presolved,52052,1,1.2578779827832711,1.2578779827832711,1.2578779827832711,1.2578779827832711
linear_constraint_matrix_nzs,710970,1,1.2578779827832711,1.2578779827832711,1.2578779827832711,1.2578779827832711
linear_constraint_matrix_vars_presolved,1934,1,1.2578779827832711,1.2578779827832711,1.2578779827832711,1.2578779827832711
optimizer_presolve_removed_columns,6861,1,1.2578779827832711,1.2578779827832711,1.2578779827832711,1.2578779827832711
optimizer_presolve_removed_rows,73155,1,1.2578779827832711,1.2578779827832711,1.2578779827832711,1.2578779827832711
optimizer_presolved_columns,1934,1,1.2578779827832711,1.2578779827832711,1.2578779827832711,1.2578779827832711
optimizer_presolved_rows,52052,1,1.2578779827832711,1.2578779827832711,1.2578779827832711,1.2578779827832711
optimizer_presolved_variable_types_binary,594,1,1.2578779827832711,1.2578779827832711,1.2578779827832711,1.2578779827832711
optimizer_presolved_variable_types_continuous,1340,1,1.2578779827832711,1.2578779827832711,1.2578779827832711,1.2578779827832711
optimizer_presolved_variable_types_integer,594,1,1.2578779827832711,1.2578779827832711,1.2578779827832711,1.2578779827832711
rhs_coefficient_range_presolved,"[ 4.89465e-08, 20.5034 ]",1,1.2578779827832711,1.2578779827832711,1.2578779827832711,1.2578779827832711
variable_types_binary,645,1,1.2578779827832711,1.2578779827832711,1.2578779827832711,1.2578779827832711
variable_types_binary_presolved,594,1,1.2578779827832711,1.2578779827832711,1.2578779827832711,1.2578779827832711
variable_types_continuous_presolved,1340,1,1.2578779827832711,1.2578779827832711,1.2578779827832711,1.2578779827832711
variable_types_integer,645,1,1.2578779827832711,1.2578779827832711,1.2578779827832711,1.2578779827832711
variable_types_integer_presolved,594,1,1.2578779827832711,1.2578779827832711,1.2578779827832711,1.2578779827832711
cutting_planes_clique,10.0,2,1.2657366613220606,1.2657366613220606,1.1404184021624617,1.3910549204816598
linear_constraint_matrix_constrs_presolved,54769,2,1.2805170813054176,1.2805170813054176,1.0894800138380174,1.4715541487728179
linear_constraint_matrix_nzs,725797,2,1.2805170813054176,1.2805170813054176,1.0894800138380174,1.4715541487728179
linear_constraint_matrix_vars,9012,2,1.2805170813054176,1.2805170813054176,1.0894800138380174,1.4715541487728179
linear_constraint_matrix_vars_presolved,2208,2,1.2805170813054176,1.2805170813054176,1.0894800138380174,1.4715541487728179
optimizer_presolve_removed_rows,74024,2,1.2805170813054176,1.2805170813054176,1.0894800138380174,1.4715541487728179
optimizer_presolved_columns,2208,2,1.2805170813054176,1.2805170813054176,1.0894800138380174,1.4715541487728179
optimizer_presolved_rows,54769,2,1.2805170813054176,1.2805170813054176,1.0894800138380174,1.4715541487728179
optimizer_presolved_variable_types_continuous,1557,2,1.2805170813054176,1.2805170813054176,1.0894800138380174,1.4715541487728179
variable_types_binary,700,2,1.2805170813054176,1.2805170813054176,1.0894800138380174,1.4715541487728179
variable_types_continuous_presolved,1557,2,1.2805170813054176,1.2805170813054176,1.0894800138380174,1.4715541487728179
variable_types_integer,700,2,1.2805170813054176,1.2805170813054176,1.0894800138380174,1.4715541487728179
mip_final_status,11,10,1.305959562221163,1.5203607269637762,0.6088455175591283,4.104690328742858
cutting_planes_cover,9.0,2,1.3193637587046882,1.3193637587046882,1.1671733686365586,1.4715541487728179
cutting_planes_cover,18.0,2,1.3221691644091937,1.3221691644091937,1.2532834083367277,1.3910549204816598
cutting_planes_network,8.0,1,1.3582411138493415,1.3582411138493415,1.3582411138493415,1.3582411138493415
variable_bound_range_presolved,"[ 7.75677e-05, 35.346 ]",6,1.3608885668128632,1.7083797093050732,0.6088455175591283,4.104690328742858
linear_constraint_matrix_constrs_presolved,31551,1,1.3910549204816598,1.3910549204816598,1.3910549204816598,1.3910549204816598
linear_constraint_matrix_nzs,553270,1,1.3910549204816598,1.3910549204816598,1.3910549204816598,1.3910549204816598
linear_constraint_matrix_vars_presolved,1607,1,1.3910549204816598,1.3910549204816598,1.3910549204816598,1.3910549204816598
optimizer_presolve_removed_columns,7071,1,1.3910549204816598,1.3910549204816598,1.3910549204816598,1.3910549204816598
optimizer_presolve_removed_rows,45059,1,1.3910549204816598,1.3910549204816598,1.3910549204816598,1.3910549204816598
optimizer_presolved_columns,1607,1,1.3910549204816598,1.3910549204816598,1.3910549204816598,1.3910549204816598
optimizer_presolved_rows,31551,1,1.3910549204816598,1.3910549204816598,1.3910549204816598,1.3910549204816598
optimizer_presolved_variable_types_continuous,1134,1,1.3910549204816598,1.3910549204816598,1.3910549204816598,1.3910549204816598
variable_types_binary,526,1,1.3910549204816598,1.3910549204816598,1.3910549204816598,1.3910549204816598
variable_types_continuous,8152,1,1.3910549204816598,1.3910549204816598,1.3910549204816598,1.3910549204816598
variable_types_continuous_presolved,1134,1,1.3910549204816598,1.3910549204816598,1.3910549204816598,1.3910549204816598
variable_types_integer,526,1,1.3910549204816598,1.3910549204816598,1.3910549204816598,1.3910549204816598
extra_simplex_iterations_after_uncrush,73,1,1.4251053302277787,1.4251053302277787,1.4251053302277787,1.4251053302277787
variable_bound_range_presolved,"[ 6.72467e-05, 35.346 ]",1,1.4251053302277787,1.4251053302277787,1.4251053302277787,1.4251053302277787
linear_constraint_matrix_constrs,76560,3,1.4251053302277787,2.1600224255503346,0.9502716176803672,4.104690328742858
linear_constraint_matrix_constrs_presolved,31442,3,1.4251053302277787,2.1600224255503346,0.9502716176803672,4.104690328742858
linear_constraint_matrix_nzs,552975,3,1.4251053302277787,2.1600224255503346,0.9502716176803672,4.104690328742858
linear_constraint_matrix_vars,8528,3,1.4251053302277787,2.1600224255503346,0.9502716176803672,4.104690328742858
linear_constraint_matrix_vars_presolved,1521,3,1.4251053302277787,2.1600224255503346,0.9502716176803672,4.104690328742858
optimizer_presolve_removed_columns,7007,3,1.4251053302277787,2.1600224255503346,0.9502716176803672,4.104690328742858
optimizer_presolve_removed_rows,45118,3,1.4251053302277787,2.1600224255503346,0.9502716176803672,4.104690328742858
optimizer_presolved_columns,1521,3,1.4251053302277787,2.1600224255503346,0.9502716176803672,4.104690328742858
optimizer_presolved_rows,31442,3,1.4251053302277787,2.1600224255503346,0.9502716176803672,4.104690328742858
optimizer_presolved_variable_types_binary,423,3,1.4251053302277787,2.1600224255503346,0.9502716176803672,4.104690328742858
optimizer_presolved_variable_types_integer,423,3,1.4251053302277787,2.1600224255503346,0.9502716176803672,4.104690328742858
variable_types_binary,435,3,1.4251053302277787,2.1600224255503346,0.9502716176803672,4.104690328742858
variable_types_binary_presolved,423,3,1.4251053302277787,2.1600224255503346,0.9502716176803672,4.104690328742858
variable_types_continuous,8093,3,1.4251053302277787,2.1600224255503346,0.9502716176803672,4.104690328742858
variable_types_integer,435,3,1.4251053302277787,2.1600224255503346,0.9502716176803672,4.104690328742858
variable_types_integer_presolved,423,3,1.4251053302277787,2.1600224255503346,0.9502716176803672,4.104690328742858
linear_constraint_matrix_constrs_presolved,54735,2,1.4404855718251435,1.4404855718251435,1.3582411138493415,1.5227300298009452
linear_constraint_matrix_nzs,725167,2,1.4404855718251435,1.4404855718251435,1.3582411138493415,1.5227300298009452
linear_constraint_matrix_vars_presolved,2058,2,1.4404855718251435,1.4404855718251435,1.3582411138493415,1.5227300298009452
optimizer_presolve_removed_rows,74028,2,1.4404855718251435,1.4404855718251435,1.3582411138493415,1.5227300298009452
optimizer_presolved_columns,2058,2,1.4404855718251435,1.4404855718251435,1.3582411138493415,1.5227300298009452
optimizer_presolved_rows,54735,2,1.4404855718251435,1.4404855718251435,1.3582411138493415,1.5227300298009452
variable_types_binary,670,2,1.4404855718251435,1.4404855718251435,1.3582411138493415,1.5227300298009452
variable_types_integer,670,2,1.4404855718251435,1.4404855718251435,1.3582411138493415,1.5227300298009452
extra_simplex_iterations_after_uncrush,39,2,1.4503414588683494,1.4503414588683494,1.3582411138493415,1.5424418038873573
linear_constraint_matrix_constrs,128793,3,1.4715541487728179,1.3678253221660643,1.0894800138380174,1.5424418038873573
optimizer_presolved_variable_types_binary,651,3,1.4715541487728179,1.3678253221660643,1.0894800138380174,1.5424418038873573
optimizer_presolved_variable_types_integer,651,3,1.4715541487728179,1.3678253221660643,1.0894800138380174,1.5424418038873573
variable_types_binary_presolved,651,3,1.4715541487728179,1.3678253221660643,1.0894800138380174,1.5424418038873573
variable_types_integer_presolved,651,3,1.4715541487728179,1.3678253221660643,1.0894800138380174,1.5424418038873573
extra_simplex_iterations_after_uncrush,5126,1,1.4715541487728179,1.4715541487728179,1.4715541487728179,1.4715541487728179
optimizer_presolved_variable_types_continuous,1437,3,1.5227300298009452,1.474470982512548,1.3582411138493415,1.5424418038873573
variable_types_continuous_presolved,1437,3,1.5227300298009452,1.474470982512548,1.3582411138493415,1.5424418038873573
cutting_planes_cover,52.0,1,1.5424418038873573,1.5424418038873573,1.5424418038873573,1.5424418038873573
cutting_planes_gomory,4.0,1,1.5424418038873573,1.5424418038873573,1.5424418038873573,1.5424418038873573
cutting_planes_network,3.0,1,1.5424418038873573,1.5424418038873573,1.5424418038873573,1.5424418038873573
linear_constraint_matrix_constrs_presolved,54793,1,1.5424418038873573,1.5424418038873573,1.5424418038873573,1.5424418038873573
linear_constraint_matrix_nzs,725350,1,1.5424418038873573,1.5424418038873573,1.5424418038873573,1.5424418038873573
linear_constraint_matrix_vars,8958,1,1.5424418038873573,1.5424418038873573,1.5424418038873573,1.5424418038873573
linear_constraint_matrix_vars_presolved,2088,1,1.5424418038873573,1.5424418038873573,1.5424418038873573,1.5424418038873573
optimizer_presolve_removed_columns,6870,1,1.5424418038873573,1.5424418038873573,1.5424418038873573,1.5424418038873573
optimizer_presolve_removed_rows,74000,1,1.5424418038873573,1.5424418038873573,1.5424418038873573,1.5424418038873573
optimizer_presolved_columns,2088,1,1.5424418038873573,1.5424418038873573,1.5424418038873573,1.5424418038873573
optimizer_presolved_rows,54793,1,1.5424418038873573,1.5424418038873573,1.5424418038873573,1.5424418038873573
variable_types_binary,730,1,1.5424418038873573,1.5424418038873573,1.5424418038873573,1.5424418038873573
variable_types_integer,730,1,1.5424418038873573,1.5424418038873573,1.5424418038873573,1.5424418038873573
extra_simplex_iterations_dual_to_original,42,2,1.5493419216947917,1.5493419216947917,0.7557502183552407,2.3429336250343424
cutting_planes_cover,,2,1.5888019050423734,1.5888019050423734,0.6170821339560923,2.5605216761286544
extra_simplex_iterations_dual_to_original,27,1,1.7217771336257264,1.7217771336257264,1.7217771336257264,1.7217771336257264
cutting_planes_cover,60.0,1,1.8646936582223586,1.8646936582223586,1.8646936582223586,1.8646936582223586
linear_constraint_matrix_nzs,553285,2,2.1038136416283506,2.1038136416283506,1.8646936582223586,2.3429336250343424
linear_constraint_matrix_vars,8608,2,2.1038136416283506,2.1038136416283506,1.8646936582223586,2.3429336250343424
linear_constraint_matrix_vars_presolved,1621,2,2.1038136416283506,2.1038136416283506,1.8646936582223586,2.3429336250343424
optimizer_presolved_columns,1621,2,2.1038136416283506,2.1038136416283506,1.8646936582223586,2.3429336250343424
variable_types_continuous,8153,2,2.1038136416283506,2.1038136416283506,1.8646936582223586,2.3429336250343424
extra_simplex_iterations_after_uncrush,19,3,2.3429336250343424,1.967818433720999,1.0,2.5605216761286544
cutting_planes_cover,80.0,1,2.3429336250343424,2.3429336250343424,2.3429336250343424,2.3429336250343424
variable_bound_range_presolved,"[ 7.52282e-05, 35.346 ]",1,2.3429336250343424,2.3429336250343424,2.3429336250343424,2.3429336250343424
linear_constraint_matrix_constrs_presolved,31465,1,2.5605216761286544,2.5605216761286544,2.5605216761286544,2.5605216761286544
linear_constraint_matrix_nzs,553040,1,2.5605216761286544,2.5605216761286544,2.5605216761286544,2.5605216761286544
linear_constraint_matrix_vars_presolved,1543,1,2.5605216761286544,2.5605216761286544,2.5605216761286544,2.5605216761286544
optimizer_presolve_removed_columns,7015,1,2.5605216761286544,2.5605216761286544,2.5605216761286544,2.5605216761286544
optimizer_presolve_removed_rows,45105,1,2.5605216761286544,2.5605216761286544,2.5605216761286544,2.5605216761286544
optimizer_presolved_columns,1543,1,2.5605216761286544,2.5605216761286544,2.5605216761286544,2.5605216761286544
optimizer_presolved_rows,31465,1,2.5605216761286544,2.5605216761286544,2.5605216761286544,2.5605216761286544
optimizer_presolved_variable_types_continuous,1110,1,2.5605216761286544,2.5605216761286544,2.5605216761286544,2.5605216761286544
variable_types_binary,452,1,2.5605216761286544,2.5605216761286544,2.5605216761286544,2.5605216761286544
variable_types_continuous,8106,1,2.5605216761286544,2.5605216761286544,2.5605216761286544,2.5605216761286544
variable_types_continuous_presolved,1110,1,2.5605216761286544,2.5605216761286544,2.5605216761286544,2.5605216761286544
variable_types_integer,452,1,2.5605216761286544,2.5605216761286544,2.5605216761286544,2.5605216761286544
cutting_planes_cover,197.0,1,4.104690328742858,4.104690328742858,4.104690328742858,4.104690328742858
cutting_planes_learned,4.0,1,4.104690328742858,4.104690328742858,4.104690328742858,4.104690328742858
extra_simplex_iterations_after_uncrush,93,1,4.104690328742858,4.104690328742858,4.104690328742858,4.104690328742858
